-- phpMyAdmin SQL Dump
-- version 5.2.0
-- https://www.phpmyadmin.net/
--
-- Host: 127.0.0.1
-- Generation Time: Oct 31, 2022 at 03:35 AM
-- Server version: 10.4.25-MariaDB
-- PHP Version: 8.0.23

SET SQL_MODE = "NO_AUTO_VALUE_ON_ZERO";
START TRANSACTION;
SET time_zone = "+00:00";


/*!40101 SET @OLD_CHARACTER_SET_CLIENT=@@CHARACTER_SET_CLIENT */;
/*!40101 SET @OLD_CHARACTER_SET_RESULTS=@@CHARACTER_SET_RESULTS */;
/*!40101 SET @OLD_COLLATION_CONNECTION=@@COLLATION_CONNECTION */;
/*!40101 SET NAMES utf8mb4 */;

--
-- Database: `booklibrary`
--

-- --------------------------------------------------------

--
-- Table structure for table `author`
--

CREATE TABLE `author` (
  `AuthorID` varchar(255) NOT NULL,
  `AuthorName` varchar(2000) NOT NULL,
  `Descript` varchar(2000) DEFAULT NULL,
  `QuantityPublished` int(11) DEFAULT NULL,
  `FileImg` varchar(2000) DEFAULT NULL,
  `AuthorSince` date DEFAULT NULL,
  `facebook` varchar(2000) DEFAULT NULL,
  `instagram` varchar(2000) DEFAULT NULL
) ENGINE=InnoDB DEFAULT CHARSET=utf8mb4;

--
-- Dumping data for table `author`
--

INSERT INTO `author` (`AuthorID`, `AuthorName`, `Descript`, `QuantityPublished`, `FileImg`, `AuthorSince`, `facebook`, `instagram`) VALUES
('Author001', 'Thomas Harris', 'Thomas Harris là một nhà văn, nhà báo và nhà biên kịch nổi tiếng người Mỹ. Ông được biết đến với loạt truyện viết về Hannibal Lecter, kẻ sát nhân ăn thịt người ẩn sau vỏ bọc của bác sĩ tâm thần thiên tài mà nhiều người ngưỡng mộ', 33, 'author001.jpg', '1988-05-19', 'https://www.facebook.com/profile.php?id=100005697099349', 'https://www.instagram.com/ducthanhh1001/'),
('Author002', 'Kio Stark', 'Kio Stark là nhà văn, tác giả của nhiều cuốn sách như “Trò chuyện với người lạ”, “Follow Me Down”, “Don’t Go Back to School”. Cô đã viết, tham vấn, giảng dạy và nói chuyện tại nhiều nước trên thế giới về tác động giữa những người lạ, học tập một cách độc lập và mối liên kết giữa con người với công nghệ', 30, 'author002.jpg', '2017-06-11', 'https://www.facebook.com/profile.php?id=100005697099349', 'https://www.instagram.com/ducthanhh1001/'),
('Author003', 'Chip Kidd', 'Chip Kidd tên thật là Charles Kidd. Ông nổi tiếng và được biết đến với vai trò là một nhà văn, nhà thiết kế bìa sách độc đáo. Ông đã thiết kế hàng ngàn bìa sách, chính những nét độc đáo, mới lạ và ấn tượng của những bìa sách mà ông tạo ra đã khiến ông trở thành một nhà thiết kế đồ hoạ hạng nhất', 16, 'author003.jpg', '1990-09-12', 'https://www.facebook.com/profile.php?id=100005697099349', 'https://www.instagram.com/ducthanhh1001/'),
('Author004', 'Gosho Aoyama', 'Aoyama Gōshō từ lúc còn trẻ đã là một người vẽ rất giỏi. Khi còn học ở trường cấp 2, Aoyama đã từng đoạt giải nhất một cuộc thi vẽ tranh với bức vẽ mang tên \"Cuộc chiến Yukiai\", và bức tranh này đã được trưng bày tại cửa hàng Daimaru ở Tottori, quê hương của ông. Ông tốt nghiệp trường cấp ba Ikuei. Sau đó, ông theo học ngành Mỹ thuật tại trường Đại học Nhật Bản - Trường Đại học lớn nhất Nhật Bản. Tại đây, mùa đông năm 1986, ông tham gia cuộc thi viết truyện tranh cho sinh viên năm thứ nhất và giành chiến thắng, đó chính là một bước ngoặt trong cuộc đời Aoyama, và cũng là bàn đạp để ông hướng tới sự nghiệp sáng tác truyện tranh trong tương lai sau này', 69, 'author008.png', '1986-12-20', 'https://www.facebook.com/profile.php?id=100005697099349', 'https://www.instagram.com/ducthanhh1001/'),
('Author005', ' Fujiko F Fujio', 'Tên thật là Fujimoto Hiroshi. Ông sinh ngày 1 tháng 12 năm 1933 tại tỉnh Toyama, Nhật Bản. Năm 1951 ông cho ra đời tác phẩm đầu tay “Thiên thần Tama” (đăng dài kì trên báo học sinh tiểu học hằng ngày).', 34, 'author009.jpg', '1951-02-20', 'https://www.facebook.com/profile.php?id=100005697099349', 'https://www.instagram.com/ducthanhh1001/'),
('Author006', 'Akira Toriyama', 'Ông khởi đầu với tác phẩm Wonder Island (1979) được đăng trên Weekly Shonen Jump. Tại đây, sự nghiệp của ông bắt đầu tỏa sáng với bộ Dr. Slump. Năm 1982, ông giành giải thưởng Shogakukan Manga Award cho bộ này với giải manga cho thể loại shounen và shoujo hay nhất năm.', 31, 'author005.png', '1982-03-24', 'https://www.facebook.com/profile.php?id=100005697099349', 'https://www.instagram.com/ducthanhh1001/'),
('Author007', 'Yoshito Usui', 'Usui Yoshito (臼井うすい 儀人よしひと (Cữu Tĩnh Nghi Nhân)? 21 tháng 4 năm 1958 – 11 tháng 9 năm 2009) là một hoa sĩ truyện tranh người Nhật, tác giả của bộ truyện tranh nổi tiếng Shin - cậu bé bút chì. Ông sinh ra ở thành phố Shizuoka, tỉnh Shizuoka, Nhật Bản.', 22, 'author003.jpg', '1987-05-25', 'https://www.facebook.com/profile.php?id=100005697099349', 'https://www.instagram.com/ducthanhh1001/'),
('Author008', 'T.Harv Eker', 'T. Harv Eker lớn lên ở Toronto. Bố mẹ ông là người châu Âu nhập cư, họ đến Bắc Mỹ sau chiến tranh thế giới lần thứ hai với toàn bộ tài sản với chỉ vỏn vẹn 30 đô la. Tuổi thơ nghèo khổ, Eker đã phải kiếm sống bằng nhiều việc như đi giao báo, bán kem, bán hàng ở các hội chợ, bán kem chống nắng ở bãi biển khi mới 13 tuổi. Đôi khi, ông hỏi xin tiền bố nhưng chẳng bao giờ nhận được. Sau khi tốt nghiệp trung học ông học 1 năm tại Đại học New York sau đó bỏ giữa chừng.', 46, 'author009.jpg', '1980-02-05', 'https://www.facebook.com/profile.php?id=100005697099349', 'https://www.instagram.com/ducthanhh1001/'),
('Author009', 'Tôn Quang Cường', 'TS. Tôn Quang Cường Trưởng khoa Công nghệ Giáo dục, Đại học giáo dục Chủ nhiệm Khoa Công nghệ Giáo dục tại Trường Đại học Giáo dục - Đại học Quốc gia Hà Nội. Thầy đã có rất nhiều những nghiên cứu chuyên sâu về giảng dạy và kiểm tra đánh giá cũng như những phương pháp tiếp cận kiến thức thông minh và hiện đại.', 23, 'author009.jpg', '2000-08-15', 'https://www.facebook.com/profile.php?id=100005697099349', 'https://www.instagram.com/ducthanhh1001/'),
('Author010', 'Thomas Harris', 'Thomas Harris là một nhà văn, nhà báo và nhà biên kịch nổi tiếng người Mỹ. Ông được biết đến với loạt truyện viết về Hannibal Lecter, kẻ sát nhân ăn thịt người ẩn sau vỏ bọc của bác sĩ tâm thần thiên tài mà nhiều người ngưỡng mộ', 12, 'author001.jpg', '1988-05-19', 'https://www.facebook.com/profile.php?id=100005697099349', 'https://www.instagram.com/ducthanhh1001/'),
('Author011', 'Kio Stark', 'Kio Stark là nhà văn, tác giả của nhiều cuốn sách như “Trò chuyện với người lạ”, “Follow Me Down”, “Don’t Go Back to School”. Cô đã viết, tham vấn, giảng dạy và nói chuyện tại nhiều nước trên thế giới về tác động giữa những người lạ, học tập một cách độc lập và mối liên kết giữa con người với công nghệ', 10, 'author002.jpg', '2017-06-11', 'https://www.facebook.com/profile.php?id=100005697099349', 'https://www.instagram.com/ducthanhh1001/'),
('Author012', 'Chip Kidd', 'Chip Kidd tên thật là Charles Kidd. Ông nổi tiếng và được biết đến với vai trò là một nhà văn, nhà thiết kế bìa sách độc đáo. Ông đã thiết kế hàng ngàn bìa sách, chính những nét độc đáo, mới lạ và ấn tượng của những bìa sách mà ông tạo ra đã khiến ông trở thành một nhà thiết kế đồ hoạ hạng nhất', 6, 'author003.jpg', '1990-09-12', 'https://www.facebook.com/profile.php?id=100005697099349', 'https://www.instagram.com/ducthanhh1001/'),
('Author013', 'Gosho Aoyama', 'Aoyama Gōshō từ lúc còn trẻ đã là một người vẽ rất giỏi. Khi còn học ở trường cấp 2, Aoyama đã từng đoạt giải nhất một cuộc thi vẽ tranh với bức vẽ mang tên \"Cuộc chiến Yukiai\", và bức tranh này đã được trưng bày tại cửa hàng Daimaru ở Tottori, quê hương của ông. Ông tốt nghiệp trường cấp ba Ikuei. Sau đó, ông theo học ngành Mỹ thuật tại trường Đại học Nhật Bản - Trường Đại học lớn nhất Nhật Bản. Tại đây, mùa đông năm 1986, ông tham gia cuộc thi viết truyện tranh cho sinh viên năm thứ nhất và giành chiến thắng, đó chính là một bước ngoặt trong cuộc đời Aoyama, và cũng là bàn đạp để ông hướng tới sự nghiệp sáng tác truyện tranh trong tương lai sau này', 27, 'author004.jpg', '1986-12-20', 'https://www.facebook.com/profile.php?id=100005697099349', 'https://www.instagram.com/ducthanhh1001/'),
('Author014', ' Fujiko F Fujio', 'Tên thật là Fujimoto Hiroshi. Ông sinh ngày 1 tháng 12 năm 1933 tại tỉnh Toyama, Nhật Bản. Năm 1951 ông cho ra đời tác phẩm đầu tay “Thiên thần Tama” (đăng dài kì trên báo học sinh tiểu học hằng ngày).', 14, 'author005.png', '1951-02-20', 'https://www.facebook.com/profile.php?id=100005697099349', 'https://www.instagram.com/ducthanhh1001/'),
('Author015', 'Akira Toriyama', 'Ông khởi đầu với tác phẩm Wonder Island (1979) được đăng trên Weekly Shonen Jump. Tại đây, sự nghiệp của ông bắt đầu tỏa sáng với bộ Dr. Slump. Năm 1982, ông giành giải thưởng Shogakukan Manga Award cho bộ này với giải manga cho thể loại shounen và shoujo hay nhất năm.', 12, 'author006.jfif', '1982-03-24', 'https://www.facebook.com/profile.php?id=100005697099349', 'https://www.instagram.com/ducthanhh1001/'),
('Author016', 'Yoshito Usui', 'Usui Yoshito (臼井うすい 儀人よしひと (Cữu Tĩnh Nghi Nhân)? 21 tháng 4 năm 1958 – 11 tháng 9 năm 2009) là một hoa sĩ truyện tranh người Nhật, tác giả của bộ truyện tranh nổi tiếng Shin - cậu bé bút chì. Ông sinh ra ở thành phố Shizuoka, tỉnh Shizuoka, Nhật Bản.', 8, 'author007.png', '1987-05-25', 'https://www.facebook.com/profile.php?id=100005697099349', 'https://www.instagram.com/ducthanhh1001/'),
('Author017', 'T.Harv Eker', 'T. Harv Eker lớn lên ở Toronto. Bố mẹ ông là người châu Âu nhập cư, họ đến Bắc Mỹ sau chiến tranh thế giới lần thứ hai với toàn bộ tài sản với chỉ vỏn vẹn 30 đô la. Tuổi thơ nghèo khổ, Eker đã phải kiếm sống bằng nhiều việc như đi giao báo, bán kem, bán hàng ở các hội chợ, bán kem chống nắng ở bãi biển khi mới 13 tuổi. Đôi khi, ông hỏi xin tiền bố nhưng chẳng bao giờ nhận được. Sau khi tốt nghiệp trung học ông học 1 năm tại Đại học New York sau đó bỏ giữa chừng.', 18, 'author008.png', '1980-02-05', 'https://www.facebook.com/profile.php?id=100005697099349', 'https://www.instagram.com/ducthanhh1001/'),
('Author018', 'Tôn Quang Cường', 'TS. Tôn Quang Cường Trưởng khoa Công nghệ Giáo dục, Đại học giáo dục Chủ nhiệm Khoa Công nghệ Giáo dục tại Trường Đại học Giáo dục - Đại học Quốc gia Hà Nội. Thầy đã có rất nhiều những nghiên cứu chuyên sâu về giảng dạy và kiểm tra đánh giá cũng như những phương pháp tiếp cận kiến thức thông minh và hiện đại.', 8, 'author009.jpg', '2000-08-15', 'https://www.facebook.com/profile.php?id=100005697099349', 'https://www.instagram.com/ducthanhh1001/');

-- --------------------------------------------------------

--
-- Table structure for table `billimport`
--

CREATE TABLE `billimport` (
  `BillID` int(11) NOT NULL,
  `DateBy` date DEFAULT NULL,
  `UserID` varchar(500) DEFAULT NULL,
  `TotalPrice` float DEFAULT NULL
) ENGINE=InnoDB DEFAULT CHARSET=utf8mb4;

-- --------------------------------------------------------

--
-- Table structure for table `billimportdetail`
--

CREATE TABLE `billimportdetail` (
  `BillImportID` int(11) NOT NULL,
  `BillID` int(11) DEFAULT NULL,
  `BookID` varchar(255) DEFAULT NULL,
  `Quantity` int(11) DEFAULT NULL,
  `Price` float DEFAULT NULL,
  `TotalPrice` float DEFAULT NULL
) ENGINE=InnoDB DEFAULT CHARSET=utf8mb4;

-- --------------------------------------------------------

--
-- Table structure for table `billsell`
--

CREATE TABLE `billsell` (
  `BillID` int(11) NOT NULL,
  `DateBy` date DEFAULT NULL,
  `UserID` varchar(500) DEFAULT NULL,
  `TotalPrice` float DEFAULT NULL
) ENGINE=InnoDB DEFAULT CHARSET=utf8mb4;

--
-- Dumping data for table `billsell`
--

INSERT INTO `billsell` (`BillID`, `DateBy`, `UserID`, `TotalPrice`) VALUES
(1, '2022-09-01', 'tuyetanhgd@gmail.com', NULL),
(2, '2022-09-01', 'UngThanh@gmail.com', NULL),
(3, '2022-10-03', 'UngThanh@gmail.com', NULL),
(4, '2022-10-02', 'UngThanh@gmail.com', NULL),
(5, '2022-10-01', 'KimBaoChou@gmail.com', NULL),
(6, '2022-10-02', 'XuanDungg@gmail.com', NULL);

-- --------------------------------------------------------

--
-- Table structure for table `billselldetail`
--

CREATE TABLE `billselldetail` (
  `BillDetailID` int(11) NOT NULL,
  `BillID` int(11) DEFAULT NULL,
  `BookID` varchar(255) DEFAULT NULL,
  `Quantity` int(11) DEFAULT NULL,
  `Price` float DEFAULT NULL,
  `TotalPrice` float DEFAULT NULL,
  `DateBySale` date DEFAULT NULL
) ENGINE=InnoDB DEFAULT CHARSET=utf8mb4;

--
-- Dumping data for table `billselldetail`
--

INSERT INTO `billselldetail` (`BillDetailID`, `BillID`, `BookID`, `Quantity`, `Price`, `TotalPrice`, `DateBySale`) VALUES
(1, 1, 'Book001', 1, NULL, NULL, NULL),
(2, 2, 'Book002', 3, NULL, NULL, NULL),
(3, 1, 'Book004', 3, NULL, NULL, NULL),
(4, 5, 'Book007', 1, NULL, NULL, NULL),
(5, 5, 'Book002', 1, NULL, NULL, NULL),
(6, 5, 'Book003', 2, NULL, NULL, NULL),
(7, 1, 'Book007', 3, NULL, NULL, NULL),
(8, 1, 'Book003', 4, NULL, NULL, NULL),
(9, 1, 'Book004', 4, NULL, NULL, NULL),
(10, 1, 'Book059', 3, NULL, NULL, NULL),
(11, 1, 'Book005', 3, NULL, NULL, NULL),
(12, 2, 'Book059', 10, NULL, NULL, NULL),
(13, 1, 'Book025', 21, NULL, NULL, NULL),
(14, 3, 'Book013', 11, NULL, NULL, NULL),
(15, 6, 'Book018', 11, NULL, NULL, NULL),
(16, 3, 'Book025', 22, NULL, NULL, NULL),
(17, 1, 'Book070', 8, NULL, NULL, NULL),
(18, 2, 'Book055', 21, NULL, NULL, NULL),
(19, 6, 'Book056', 18, NULL, NULL, NULL),
(20, 5, 'Book057', 19, NULL, NULL, NULL);

-- --------------------------------------------------------

--
-- Table structure for table `books`
--

CREATE TABLE `books` (
  `BookID` varchar(255) NOT NULL,
  `BookName` varchar(2000) NOT NULL,
  `CategoryID` varchar(255) DEFAULT NULL,
  `AuthorID` varchar(255) DEFAULT NULL,
  `Descript` varchar(2000) DEFAULT NULL,
  `formats` varchar(2000) DEFAULT NULL,
  `pages` int(11) DEFAULT NULL,
  `dimensions` varchar(2000) DEFAULT NULL,
  `publicationDate` date DEFAULT NULL,
  `PublisherID` varchar(255) DEFAULT NULL,
  `Languages` varchar(255) DEFAULT NULL,
  `Illustrationsnote` varchar(2000) DEFAULT NULL,
  `OtherFormat` varchar(255) DEFAULT NULL,
  `OldPrice` float DEFAULT NULL,
  `Price` float DEFAULT NULL,
  `Statuss` varchar(255) DEFAULT NULL,
  `Quantity` int(11) DEFAULT NULL,
  `FileIMG` varchar(2000) DEFAULT NULL,
  `ReviewStar` int(11) DEFAULT NULL
) ENGINE=InnoDB DEFAULT CHARSET=utf8mb4;

--
-- Dumping data for table `books`
--

INSERT INTO `books` (`BookID`, `BookName`, `CategoryID`, `AuthorID`, `Descript`, `formats`, `pages`, `dimensions`, `publicationDate`, `PublisherID`, `Languages`, `Illustrationsnote`, `OtherFormat`, `OldPrice`, `Price`, `Statuss`, `Quantity`, `FileIMG`, `ReviewStar`) VALUES
('Book001', 'Conan tập 14', 'Category007', 'Author004', 'Conan và các bạn được mời tới biệt thự của ảo thuật gia lừng danh Mr.Masakage. Hôm đó cũng đúng vừa tròn 10 năm kể từ khi Mr.Masakage đột nhiên biến mất. Tình cờ nhóm Conan lại phát hiện ra thi thể một trong các đồ đệ của Masakage. Cậu thám tử trung học của miền Tây Hattori Heiji cũng góp sức hết mình phá án!!', 'A5', 192, '11.3 x 17.6', '2019-03-20', 'Publish001', 'Tiếng Việt', 'Conan và các bạn được mời tới biệt thự của ảo thuật gia lừng danh Mr.Masakage. Hôm đó cũng đúng vừa tròn 10 năm kể từ khi Mr.Masakage đột nhiên biến mất. Tình cờ nhóm Conan lại phát hiện ra thi thể một trong các đồ đệ của Masakage. Cậu thám tử trung học của miền Tây Hattori Heiji cũng góp sức hết mình phá án!!', NULL, 20000, 20000, NULL, 100, 'conan14.jpg', 5),
('Book002', 'Conan tập 23', 'Category007', 'Author004', 'Conan và các bạn được mời tới biệt thự của ảo thuật gia lừng danh Mr.Masakage. Hôm đó cũng đúng vừa tròn 10 năm kể từ khi Mr.Masakage đột nhiên biến mất. Tình cờ nhóm Conan lại phát hiện ra thi thể một trong các đồ đệ của Masakage. Cậu thám tử trung học của miền Tây Hattori Heiji cũng góp sức hết mình phá án!!', 'A5', 192, '11.3 x 17.6', '2019-03-20', 'Publish001', 'Tiếng Việt', 'Conan và các bạn được mời tới biệt thự của ảo thuật gia lừng danh Mr.Masakage. Hôm đó cũng đúng vừa tròn 10 năm kể từ khi Mr.Masakage đột nhiên biến mất. Tình cờ nhóm Conan lại phát hiện ra thi thể một trong các đồ đệ của Masakage. Cậu thám tử trung học của miền Tây Hattori Heiji cũng góp sức hết mình phá án!!', NULL, 20000, 20000, NULL, 100, 'conan23.jpg', 5),
('Book003', 'Conan tập 36', 'Category007', 'Author004', 'Conan và các bạn được mời tới biệt thự của ảo thuật gia lừng danh Mr.Masakage. Hôm đó cũng đúng vừa tròn 10 năm kể từ khi Mr.Masakage đột nhiên biến mất. Tình cờ nhóm Conan lại phát hiện ra thi thể một trong các đồ đệ của Masakage. Cậu thám tử trung học của miền Tây Hattori Heiji cũng góp sức hết mình phá án!!', 'A5', 192, '11.3 x 17.6', '2020-03-20', 'Publish001', 'Tiếng Việt', 'Conan và các bạn được mời tới biệt thự của ảo thuật gia lừng danh Mr.Masakage. Hôm đó cũng đúng vừa tròn 10 năm kể từ khi Mr.Masakage đột nhiên biến mất. Tình cờ nhóm Conan lại phát hiện ra thi thể một trong các đồ đệ của Masakage. Cậu thám tử trung học của miền Tây Hattori Heiji cũng góp sức hết mình phá án!!', NULL, 20000, 20000, NULL, 100, 'conan36.jpg', 5),
('Book004', 'Conan tập 42', 'Category007', 'Author004', 'Conan và các bạn được mời tới biệt thự của ảo thuật gia lừng danh Mr.Masakage. Hôm đó cũng đúng vừa tròn 10 năm kể từ khi Mr.Masakage đột nhiên biến mất. Tình cờ nhóm Conan lại phát hiện ra thi thể một trong các đồ đệ của Masakage. Cậu thám tử trung học của miền Tây Hattori Heiji cũng góp sức hết mình phá án!!', 'A5', 192, '11.3 x 17.6', '2019-03-20', 'Publish001', 'Tiếng Việt', 'Conan và các bạn được mời tới biệt thự của ảo thuật gia lừng danh Mr.Masakage. Hôm đó cũng đúng vừa tròn 10 năm kể từ khi Mr.Masakage đột nhiên biến mất. Tình cờ nhóm Conan lại phát hiện ra thi thể một trong các đồ đệ của Masakage. Cậu thám tử trung học của miền Tây Hattori Heiji cũng góp sức hết mình phá án!!', NULL, 20000, 20000, NULL, 100, 'conan42.jpg', 5),
('Book005', 'Conan tập 50', 'Category007', 'Author004', 'Conan và các bạn được mời tới biệt thự của ảo thuật gia lừng danh Mr.Masakage. Hôm đó cũng đúng vừa tròn 10 năm kể từ khi Mr.Masakage đột nhiên biến mất. Tình cờ nhóm Conan lại phát hiện ra thi thể một trong các đồ đệ của Masakage. Cậu thám tử trung học của miền Tây Hattori Heiji cũng góp sức hết mình phá án!!', 'A5', 192, '11.3 x 17.6', '2019-03-20', 'Publish001', 'Tiếng Việt', 'Conan và các bạn được mời tới biệt thự của ảo thuật gia lừng danh Mr.Masakage. Hôm đó cũng đúng vừa tròn 10 năm kể từ khi Mr.Masakage đột nhiên biến mất. Tình cờ nhóm Conan lại phát hiện ra thi thể một trong các đồ đệ của Masakage. Cậu thám tử trung học của miền Tây Hattori Heiji cũng góp sức hết mình phá án!!', NULL, 20000, 20000, NULL, 100, 'conan50.jpg', 5),
('Book006', 'Conan tập 60', 'Category007', 'Author004', 'Conan và các bạn được mời tới biệt thự của ảo thuật gia lừng danh Mr.Masakage. Hôm đó cũng đúng vừa tròn 10 năm kể từ khi Mr.Masakage đột nhiên biến mất. Tình cờ nhóm Conan lại phát hiện ra thi thể một trong các đồ đệ của Masakage. Cậu thám tử trung học của miền Tây Hattori Heiji cũng góp sức hết mình phá án!!', 'A5', 192, '11.3 x 17.6', '2019-03-20', 'Publish001', 'Tiếng Việt', 'Conan và các bạn được mời tới biệt thự của ảo thuật gia lừng danh Mr.Masakage. Hôm đó cũng đúng vừa tròn 10 năm kể từ khi Mr.Masakage đột nhiên biến mất. Tình cờ nhóm Conan lại phát hiện ra thi thể một trong các đồ đệ của Masakage. Cậu thám tử trung học của miền Tây Hattori Heiji cũng góp sức hết mình phá án!!', NULL, 20000, 20000, NULL, 100, 'conan60.jpg', 5),
('Book007', 'Conan tập 85', 'Category007', 'Author004', 'Conan và các bạn được mời tới biệt thự của ảo thuật gia lừng danh Mr.Masakage. Hôm đó cũng đúng vừa tròn 10 năm kể từ khi Mr.Masakage đột nhiên biến mất. Tình cờ nhóm Conan lại phát hiện ra thi thể một trong các đồ đệ của Masakage. Cậu thám tử trung học của miền Tây Hattori Heiji cũng góp sức hết mình phá án!!', 'A5', 192, '11.3 x 17.6', '2019-03-20', 'Publish001', 'Tiếng Việt', 'Conan và các bạn được mời tới biệt thự của ảo thuật gia lừng danh Mr.Masakage. Hôm đó cũng đúng vừa tròn 10 năm kể từ khi Mr.Masakage đột nhiên biến mất. Tình cờ nhóm Conan lại phát hiện ra thi thể một trong các đồ đệ của Masakage. Cậu thám tử trung học của miền Tây Hattori Heiji cũng góp sức hết mình phá án!!', NULL, 20000, 20000, NULL, 100, 'conan85.jpg', 5),
('Book008', 'Conan tập 91', 'Category007', 'Author004', 'Conan và các bạn được mời tới biệt thự của ảo thuật gia lừng danh Mr.Masakage. Hôm đó cũng đúng vừa tròn 10 năm kể từ khi Mr.Masakage đột nhiên biến mất. Tình cờ nhóm Conan lại phát hiện ra thi thể một trong các đồ đệ của Masakage. Cậu thám tử trung học của miền Tây Hattori Heiji cũng góp sức hết mình phá án!!', 'A5', 192, '11.3 x 17.6', '2022-10-15', 'Publish001', 'Tiếng Việt', 'Conan và các bạn được mời tới biệt thự của ảo thuật gia lừng danh Mr.Masakage. Hôm đó cũng đúng vừa tròn 10 năm kể từ khi Mr.Masakage đột nhiên biến mất. Tình cờ nhóm Conan lại phát hiện ra thi thể một trong các đồ đệ của Masakage. Cậu thám tử trung học của miền Tây Hattori Heiji cũng góp sức hết mình phá án!!', NULL, 20000, 20000, NULL, 100, 'conan91.jpg', 5),
('Book009', 'Đô rê mon tập 2', 'Category007', 'Author005', 'Conan và các bạn được mời tới biệt thự của ảo thuật gia lừng danh Mr.Masakage. Hôm đó cũng đúng vừa tròn 10 năm kể từ khi Mr.Masakage đột nhiên biến mất. Tình cờ nhóm Conan lại phát hiện ra thi thể một trong các đồ đệ của Masakage. Cậu thám tử trung học của miền Tây Hattori Heiji cũng góp sức hết mình phá án!!', 'A5', 192, '11.3 x 17.6', '2019-03-20', 'Publish001', 'Tiếng Việt', 'Conan và các bạn được mời tới biệt thự của ảo thuật gia lừng danh Mr.Masakage. Hôm đó cũng đúng vừa tròn 10 năm kể từ khi Mr.Masakage đột nhiên biến mất. Tình cờ nhóm Conan lại phát hiện ra thi thể một trong các đồ đệ của Masakage. Cậu thám tử trung học của miền Tây Hattori Heiji cũng góp sức hết mình phá án!!', NULL, 20000, 20000, NULL, 100, 'doremon2.jpg', 5),
('Book010', 'Đô rê mon tập 15', 'Category007', 'Author005', 'Conan và các bạn được mời tới biệt thự của ảo thuật gia lừng danh Mr.Masakage. Hôm đó cũng đúng vừa tròn 10 năm kể từ khi Mr.Masakage đột nhiên biến mất. Tình cờ nhóm Conan lại phát hiện ra thi thể một trong các đồ đệ của Masakage. Cậu thám tử trung học của miền Tây Hattori Heiji cũng góp sức hết mình phá án!!', 'A5', 192, '11.3 x 17.6', '2019-03-20', 'Publish001', 'Tiếng Việt', 'Conan và các bạn được mời tới biệt thự của ảo thuật gia lừng danh Mr.Masakage. Hôm đó cũng đúng vừa tròn 10 năm kể từ khi Mr.Masakage đột nhiên biến mất. Tình cờ nhóm Conan lại phát hiện ra thi thể một trong các đồ đệ của Masakage. Cậu thám tử trung học của miền Tây Hattori Heiji cũng góp sức hết mình phá án!!', NULL, 20000, 20000, NULL, 100, 'doremon15.jpg', 5),
('Book011', 'Đô rê mon tập 5', 'Category007', 'Author005', 'Conan và các bạn được mời tới biệt thự của ảo thuật gia lừng danh Mr.Masakage. Hôm đó cũng đúng vừa tròn 10 năm kể từ khi Mr.Masakage đột nhiên biến mất. Tình cờ nhóm Conan lại phát hiện ra thi thể một trong các đồ đệ của Masakage. Cậu thám tử trung học của miền Tây Hattori Heiji cũng góp sức hết mình phá án!!', 'A5', 192, '11.3 x 17.6', '2019-03-20', 'Publish001', 'Tiếng Việt', 'Conan và các bạn được mời tới biệt thự của ảo thuật gia lừng danh Mr.Masakage. Hôm đó cũng đúng vừa tròn 10 năm kể từ khi Mr.Masakage đột nhiên biến mất. Tình cờ nhóm Conan lại phát hiện ra thi thể một trong các đồ đệ của Masakage. Cậu thám tử trung học của miền Tây Hattori Heiji cũng góp sức hết mình phá án!!', NULL, 20000, 20000, NULL, 100, 'doremon5.jpg', 5),
('Book012', 'Dragon Ball', 'Category007', 'Author001', 'Conan và các bạn được mời tới biệt thự của ảo thuật gia lừng danh Mr.Masakage. Hôm đó cũng đúng vừa tròn 10 năm kể từ khi Mr.Masakage đột nhiên biến mất. Tình cờ nhóm Conan lại phát hiện ra thi thể một trong các đồ đệ của Masakage. Cậu thám tử trung học của miền Tây Hattori Heiji cũng góp sức hết mình phá án!!', 'A5', 192, '11.3 x 17.6', '2019-03-20', 'Publish001', 'Tiếng Việt', 'Conan và các bạn được mời tới biệt thự của ảo thuật gia lừng danh Mr.Masakage. Hôm đó cũng đúng vừa tròn 10 năm kể từ khi Mr.Masakage đột nhiên biến mất. Tình cờ nhóm Conan lại phát hiện ra thi thể một trong các đồ đệ của Masakage. Cậu thám tử trung học của miền Tây Hattori Heiji cũng góp sức hết mình phá án!!', NULL, 20000, 20000, NULL, 100, 'dragonball7.jpg', 5),
('Book013', 'Dragon Ball', 'Category007', 'Author001', 'Conan và các bạn được mời tới biệt thự của ảo thuật gia lừng danh Mr.Masakage. Hôm đó cũng đúng vừa tròn 10 năm kể từ khi Mr.Masakage đột nhiên biến mất. Tình cờ nhóm Conan lại phát hiện ra thi thể một trong các đồ đệ của Masakage. Cậu thám tử trung học của miền Tây Hattori Heiji cũng góp sức hết mình phá án!!', 'A5', 192, '11.3 x 17.6', '2019-03-20', 'Publish001', 'Tiếng Việt', 'Conan và các bạn được mời tới biệt thự của ảo thuật gia lừng danh Mr.Masakage. Hôm đó cũng đúng vừa tròn 10 năm kể từ khi Mr.Masakage đột nhiên biến mất. Tình cờ nhóm Conan lại phát hiện ra thi thể một trong các đồ đệ của Masakage. Cậu thám tử trung học của miền Tây Hattori Heiji cũng góp sức hết mình phá án!!', NULL, 20000, 20000, NULL, 100, 'dragonball8.jpg', 5),
('Book014', 'Dragon Ball', 'Category007', 'Author001', 'Conan và các bạn được mời tới biệt thự của ảo thuật gia lừng danh Mr.Masakage. Hôm đó cũng đúng vừa tròn 10 năm kể từ khi Mr.Masakage đột nhiên biến mất. Tình cờ nhóm Conan lại phát hiện ra thi thể một trong các đồ đệ của Masakage. Cậu thám tử trung học của miền Tây Hattori Heiji cũng góp sức hết mình phá án!!', 'A5', 192, '11.3 x 17.6', '2019-03-20', 'Publish001', 'Tiếng Việt', 'Conan và các bạn được mời tới biệt thự của ảo thuật gia lừng danh Mr.Masakage. Hôm đó cũng đúng vừa tròn 10 năm kể từ khi Mr.Masakage đột nhiên biến mất. Tình cờ nhóm Conan lại phát hiện ra thi thể một trong các đồ đệ của Masakage. Cậu thám tử trung học của miền Tây Hattori Heiji cũng góp sức hết mình phá án!!', NULL, 20000, 20000, NULL, 100, 'dragonball10.jpg', 5),
('Book015', 'Dragon Ball', 'Category007', 'Author001', 'Conan và các bạn được mời tới biệt thự của ảo thuật gia lừng danh Mr.Masakage. Hôm đó cũng đúng vừa tròn 10 năm kể từ khi Mr.Masakage đột nhiên biến mất. Tình cờ nhóm Conan lại phát hiện ra thi thể một trong các đồ đệ của Masakage. Cậu thám tử trung học của miền Tây Hattori Heiji cũng góp sức hết mình phá án!!', 'A5', 192, '11.3 x 17.6', '2019-03-20', 'Publish001', 'Tiếng Việt', 'Conan và các bạn được mời tới biệt thự của ảo thuật gia lừng danh Mr.Masakage. Hôm đó cũng đúng vừa tròn 10 năm kể từ khi Mr.Masakage đột nhiên biến mất. Tình cờ nhóm Conan lại phát hiện ra thi thể một trong các đồ đệ của Masakage. Cậu thám tử trung học của miền Tây Hattori Heiji cũng góp sức hết mình phá án!!', NULL, 20000, 20000, NULL, 100, 'dragonball21.jpg', 5),
('Book016', 'Dragon Ball', 'Category007', 'Author001', 'Conan và các bạn được mời tới biệt thự của ảo thuật gia lừng danh Mr.Masakage. Hôm đó cũng đúng vừa tròn 10 năm kể từ khi Mr.Masakage đột nhiên biến mất. Tình cờ nhóm Conan lại phát hiện ra thi thể một trong các đồ đệ của Masakage. Cậu thám tử trung học của miền Tây Hattori Heiji cũng góp sức hết mình phá án!!', 'A5', 192, '11.3 x 17.6', '2019-03-20', 'Publish001', 'Tiếng Việt', 'Conan và các bạn được mời tới biệt thự của ảo thuật gia lừng danh Mr.Masakage. Hôm đó cũng đúng vừa tròn 10 năm kể từ khi Mr.Masakage đột nhiên biến mất. Tình cờ nhóm Conan lại phát hiện ra thi thể một trong các đồ đệ của Masakage. Cậu thám tử trung học của miền Tây Hattori Heiji cũng góp sức hết mình phá án!!', NULL, 20000, 20000, NULL, 100, 'dragonball39.jpg', 5),
('Book017', 'Shin bút chì 1', 'Category007', 'Author002', 'Conan và các bạn được mời tới biệt thự của ảo thuật gia lừng danh Mr.Masakage. Hôm đó cũng đúng vừa tròn 10 năm kể từ khi Mr.Masakage đột nhiên biến mất. Tình cờ nhóm Conan lại phát hiện ra thi thể một trong các đồ đệ của Masakage. Cậu thám tử trung học của miền Tây Hattori Heiji cũng góp sức hết mình phá án!!', 'A5', 192, '11.3 x 17.6', '2019-03-20', 'Publish001', 'Tiếng Việt', 'Conan và các bạn được mời tới biệt thự của ảo thuật gia lừng danh Mr.Masakage. Hôm đó cũng đúng vừa tròn 10 năm kể từ khi Mr.Masakage đột nhiên biến mất. Tình cờ nhóm Conan lại phát hiện ra thi thể một trong các đồ đệ của Masakage. Cậu thám tử trung học của miền Tây Hattori Heiji cũng góp sức hết mình phá án!!', NULL, 20000, 20000, NULL, 100, 'shin.jpg', 5),
('Book018', 'Shin bút chì 3', 'Category007', 'Author002', 'Conan và các bạn được mời tới biệt thự của ảo thuật gia lừng danh Mr.Masakage. Hôm đó cũng đúng vừa tròn 10 năm kể từ khi Mr.Masakage đột nhiên biến mất. Tình cờ nhóm Conan lại phát hiện ra thi thể một trong các đồ đệ của Masakage. Cậu thám tử trung học của miền Tây Hattori Heiji cũng góp sức hết mình phá án!!', 'A5', 192, '11.3 x 17.6', '2019-03-20', 'Publish001', 'Tiếng Việt', 'Conan và các bạn được mời tới biệt thự của ảo thuật gia lừng danh Mr.Masakage. Hôm đó cũng đúng vừa tròn 10 năm kể từ khi Mr.Masakage đột nhiên biến mất. Tình cờ nhóm Conan lại phát hiện ra thi thể một trong các đồ đệ của Masakage. Cậu thám tử trung học của miền Tây Hattori Heiji cũng góp sức hết mình phá án!!', NULL, 20000, 20000, NULL, 100, 'shin3.jpg', 5),
('Book019', 'Shin bút chì 27', 'Category007', 'Author002', 'Conan và các bạn được mời tới biệt thự của ảo thuật gia lừng danh Mr.Masakage. Hôm đó cũng đúng vừa tròn 10 năm kể từ khi Mr.Masakage đột nhiên biến mất. Tình cờ nhóm Conan lại phát hiện ra thi thể một trong các đồ đệ của Masakage. Cậu thám tử trung học của miền Tây Hattori Heiji cũng góp sức hết mình phá án!!', 'A5', 192, '11.3 x 17.6', '2019-03-20', 'Publish001', 'Tiếng Việt', 'Conan và các bạn được mời tới biệt thự của ảo thuật gia lừng danh Mr.Masakage. Hôm đó cũng đúng vừa tròn 10 năm kể từ khi Mr.Masakage đột nhiên biến mất. Tình cờ nhóm Conan lại phát hiện ra thi thể một trong các đồ đệ của Masakage. Cậu thám tử trung học của miền Tây Hattori Heiji cũng góp sức hết mình phá án!!', NULL, 20000, 20000, NULL, 100, 'shin27.jpg', 5),
('Book020', 'Shin bút chì 44', 'Category007', 'Author002', 'Conan và các bạn được mời tới biệt thự của ảo thuật gia lừng danh Mr.Masakage. Hôm đó cũng đúng vừa tròn 10 năm kể từ khi Mr.Masakage đột nhiên biến mất. Tình cờ nhóm Conan lại phát hiện ra thi thể một trong các đồ đệ của Masakage. Cậu thám tử trung học của miền Tây Hattori Heiji cũng góp sức hết mình phá án!!', 'A5', 192, '11.3 x 17.6', '2019-03-20', 'Publish001', 'Tiếng Việt', 'Conan và các bạn được mời tới biệt thự của ảo thuật gia lừng danh Mr.Masakage. Hôm đó cũng đúng vừa tròn 10 năm kể từ khi Mr.Masakage đột nhiên biến mất. Tình cờ nhóm Conan lại phát hiện ra thi thể một trong các đồ đệ của Masakage. Cậu thám tử trung học của miền Tây Hattori Heiji cũng góp sức hết mình phá án!!', NULL, 20000, 20000, NULL, 100, 'shin44.jpg', 5),
('Book021', 'Shin bút chì 50', 'Category007', 'Author002', 'Conan và các bạn được mời tới biệt thự của ảo thuật gia lừng danh Mr.Masakage. Hôm đó cũng đúng vừa tròn 10 năm kể từ khi Mr.Masakage đột nhiên biến mất. Tình cờ nhóm Conan lại phát hiện ra thi thể một trong các đồ đệ của Masakage. Cậu thám tử trung học của miền Tây Hattori Heiji cũng góp sức hết mình phá án!!', 'A5', 192, '11.3 x 17.6', '2019-03-20', 'Publish001', 'Tiếng Việt', 'Conan và các bạn được mời tới biệt thự của ảo thuật gia lừng danh Mr.Masakage. Hôm đó cũng đúng vừa tròn 10 năm kể từ khi Mr.Masakage đột nhiên biến mất. Tình cờ nhóm Conan lại phát hiện ra thi thể một trong các đồ đệ của Masakage. Cậu thám tử trung học của miền Tây Hattori Heiji cũng góp sức hết mình phá án!!', NULL, 20000, 20000, NULL, 100, 'shin50.jpg', 5),
('Book022', 'Bạn chỉ sống 1 lần', 'Category006', 'Author001', 'Cuốn sách chính là tập hợp những câu chuyện, câu nói hay về cuộc sống. Những dòng triết lý ngắn gọn, nội dung hướng bạn đọc đến những suy nghĩ tích cực hơn về nhiều khía cạnh trong cuộc sống. Bạn chỉ sống có một lần chính là sự lựa chọn tốt nhất dành cho những bạn trẻ đang tìm kiếm đáp án hoàn mỹ về hạnh phúc của bản thân.', 'A5', 192, '11.3 x 17.6', '2022-10-17', 'Publish001', 'Tiếng Việt', 'Cuốn sách chính là tập hợp những câu chuyện, câu nói hay về cuộc sống. Những dòng triết lý ngắn gọn, nội dung hướng bạn đọc đến những suy nghĩ tích cực hơn về nhiều khía cạnh trong cuộc sống. Bạn chỉ sống có một lần chính là sự lựa chọn tốt nhất dành cho những bạn trẻ đang tìm kiếm đáp án hoàn mỹ về hạnh phúc của bản thân.', NULL, 55000, 55000, NULL, 100, 'banchisongco1lan.jpg', 5),
('Book023', 'Chủ nghĩa khắc kỷ', 'Category006', 'Author003', 'Cuốn sách chính là tập hợp những câu chuyện, câu nói hay về cuộc sống. Những dòng triết lý ngắn gọn, nội dung hướng bạn đọc đến những suy nghĩ tích cực hơn về nhiều khía cạnh trong cuộc sống. Bạn chỉ sống có một lần chính là sự lựa chọn tốt nhất dành cho những bạn trẻ đang tìm kiếm đáp án hoàn mỹ về hạnh phúc của bản thân.', 'A5', 192, '11.3 x 17.6', '2019-03-20', 'Publish001', 'Tiếng Việt', 'Cuốn sách chính là tập hợp những câu chuyện, câu nói hay về cuộc sống. Những dòng triết lý ngắn gọn, nội dung hướng bạn đọc đến những suy nghĩ tích cực hơn về nhiều khía cạnh trong cuộc sống. Bạn chỉ sống có một lần chính là sự lựa chọn tốt nhất dành cho những bạn trẻ đang tìm kiếm đáp án hoàn mỹ về hạnh phúc của bản thân.', NULL, 55000, 55000, NULL, 100, 'chunghiakhacky.jpg', 5),
('Book024', 'Đắc nhân tâm', 'Category006', 'Author003', 'Cuốn sách chính là tập hợp những câu chuyện, câu nói hay về cuộc sống. Những dòng triết lý ngắn gọn, nội dung hướng bạn đọc đến những suy nghĩ tích cực hơn về nhiều khía cạnh trong cuộc sống. Bạn chỉ sống có một lần chính là sự lựa chọn tốt nhất dành cho những bạn trẻ đang tìm kiếm đáp án hoàn mỹ về hạnh phúc của bản thân.', 'A5', 192, '11.3 x 17.6', '2019-03-20', 'Publish001', 'Tiếng Việt', 'Cuốn sách chính là tập hợp những câu chuyện, câu nói hay về cuộc sống. Những dòng triết lý ngắn gọn, nội dung hướng bạn đọc đến những suy nghĩ tích cực hơn về nhiều khía cạnh trong cuộc sống. Bạn chỉ sống có một lần chính là sự lựa chọn tốt nhất dành cho những bạn trẻ đang tìm kiếm đáp án hoàn mỹ về hạnh phúc của bản thân.', NULL, 55000, 55000, NULL, 100, 'dacnhantam.jpg', 5),
('Book025', 'Trồng hạnh phúc', 'Category006', 'Author007', 'Cuốn sách chính là tập hợp những câu chuyện, câu nói hay về cuộc sống. Những dòng triết lý ngắn gọn, nội dung hướng bạn đọc đến những suy nghĩ tích cực hơn về nhiều khía cạnh trong cuộc sống. Bạn chỉ sống có một lần chính là sự lựa chọn tốt nhất dành cho những bạn trẻ đang tìm kiếm đáp án hoàn mỹ về hạnh phúc của bản thân.', 'A5', 192, '11.3 x 17.6', '2019-03-20', 'Publish001', 'Tiếng Việt', 'Cuốn sách chính là tập hợp những câu chuyện, câu nói hay về cuộc sống. Những dòng triết lý ngắn gọn, nội dung hướng bạn đọc đến những suy nghĩ tích cực hơn về nhiều khía cạnh trong cuộc sống. Bạn chỉ sống có một lần chính là sự lựa chọn tốt nhất dành cho những bạn trẻ đang tìm kiếm đáp án hoàn mỹ về hạnh phúc của bản thân.', NULL, 55000, 55000, NULL, 100, 'gieotronghanhphuc.jpg', 5),
('Book026', 'Kỷ luật tự giác', 'Category006', 'Author009', 'Cuốn sách chính là tập hợp những câu chuyện, câu nói hay về cuộc sống. Những dòng triết lý ngắn gọn, nội dung hướng bạn đọc đến những suy nghĩ tích cực hơn về nhiều khía cạnh trong cuộc sống. Bạn chỉ sống có một lần chính là sự lựa chọn tốt nhất dành cho những bạn trẻ đang tìm kiếm đáp án hoàn mỹ về hạnh phúc của bản thân.', 'A5', 192, '11.3 x 17.6', '2022-10-18', 'Publish001', 'Tiếng Việt', 'Cuốn sách chính là tập hợp những câu chuyện, câu nói hay về cuộc sống. Những dòng triết lý ngắn gọn, nội dung hướng bạn đọc đến những suy nghĩ tích cực hơn về nhiều khía cạnh trong cuộc sống. Bạn chỉ sống có một lần chính là sự lựa chọn tốt nhất dành cho những bạn trẻ đang tìm kiếm đáp án hoàn mỹ về hạnh phúc của bản thân.', NULL, 55000, 55000, NULL, 100, 'kyluattugiac.jpg', 5),
('Book027', 'Nghiệp tình yêu', 'Category006', 'Author008', 'Cuốn sách chính là tập hợp những câu chuyện, câu nói hay về cuộc sống. Những dòng triết lý ngắn gọn, nội dung hướng bạn đọc đến những suy nghĩ tích cực hơn về nhiều khía cạnh trong cuộc sống. Bạn chỉ sống có một lần chính là sự lựa chọn tốt nhất dành cho những bạn trẻ đang tìm kiếm đáp án hoàn mỹ về hạnh phúc của bản thân.', 'A5', 192, '11.3 x 17.6', '2019-03-20', 'Publish001', 'Tiếng Việt', 'Cuốn sách chính là tập hợp những câu chuyện, câu nói hay về cuộc sống. Những dòng triết lý ngắn gọn, nội dung hướng bạn đọc đến những suy nghĩ tích cực hơn về nhiều khía cạnh trong cuộc sống. Bạn chỉ sống có một lần chính là sự lựa chọn tốt nhất dành cho những bạn trẻ đang tìm kiếm đáp án hoàn mỹ về hạnh phúc của bản thân.', NULL, 55000, 55000, NULL, 100, 'nghieptinhyeu.jpg', 5),
('Book028', 'Người nam châm', 'Category006', 'Author008', 'Cuốn sách chính là tập hợp những câu chuyện, câu nói hay về cuộc sống. Những dòng triết lý ngắn gọn, nội dung hướng bạn đọc đến những suy nghĩ tích cực hơn về nhiều khía cạnh trong cuộc sống. Bạn chỉ sống có một lần chính là sự lựa chọn tốt nhất dành cho những bạn trẻ đang tìm kiếm đáp án hoàn mỹ về hạnh phúc của bản thân.', 'A5', 192, '11.3 x 17.6', '2019-03-20', 'Publish001', 'Tiếng Việt', 'Cuốn sách chính là tập hợp những câu chuyện, câu nói hay về cuộc sống. Những dòng triết lý ngắn gọn, nội dung hướng bạn đọc đến những suy nghĩ tích cực hơn về nhiều khía cạnh trong cuộc sống. Bạn chỉ sống có một lần chính là sự lựa chọn tốt nhất dành cho những bạn trẻ đang tìm kiếm đáp án hoàn mỹ về hạnh phúc của bản thân.', NULL, 55000, 55000, NULL, 100, 'nguoinamcham.jpg', 5),
('Book029', 'Sức mạnh tiềm thức', 'Category006', 'Author005', 'Cuốn sách chính là tập hợp những câu chuyện, câu nói hay về cuộc sống. Những dòng triết lý ngắn gọn, nội dung hướng bạn đọc đến những suy nghĩ tích cực hơn về nhiều khía cạnh trong cuộc sống. Bạn chỉ sống có một lần chính là sự lựa chọn tốt nhất dành cho những bạn trẻ đang tìm kiếm đáp án hoàn mỹ về hạnh phúc của bản thân.', 'A5', 192, '11.3 x 17.6', '2019-03-20', 'Publish001', 'Tiếng Việt', 'Cuốn sách chính là tập hợp những câu chuyện, câu nói hay về cuộc sống. Những dòng triết lý ngắn gọn, nội dung hướng bạn đọc đến những suy nghĩ tích cực hơn về nhiều khía cạnh trong cuộc sống. Bạn chỉ sống có một lần chính là sự lựa chọn tốt nhất dành cho những bạn trẻ đang tìm kiếm đáp án hoàn mỹ về hạnh phúc của bản thân.', NULL, 129000, 129000, NULL, 100, 'sucmanhtiemthuc.jpg', 5),
('Book030', 'Tâm lý học tính cách', 'Category006', 'Author004', 'Cuốn sách chính là tập hợp những câu chuyện, câu nói hay về cuộc sống. Những dòng triết lý ngắn gọn, nội dung hướng bạn đọc đến những suy nghĩ tích cực hơn về nhiều khía cạnh trong cuộc sống. Bạn chỉ sống có một lần chính là sự lựa chọn tốt nhất dành cho những bạn trẻ đang tìm kiếm đáp án hoàn mỹ về hạnh phúc của bản thân.', 'A5', 192, '11.3 x 17.6', '2019-03-20', 'Publish001', 'Tiếng Việt', 'Cuốn sách chính là tập hợp những câu chuyện, câu nói hay về cuộc sống. Những dòng triết lý ngắn gọn, nội dung hướng bạn đọc đến những suy nghĩ tích cực hơn về nhiều khía cạnh trong cuộc sống. Bạn chỉ sống có một lần chính là sự lựa chọn tốt nhất dành cho những bạn trẻ đang tìm kiếm đáp án hoàn mỹ về hạnh phúc của bản thân.', NULL, 129000, 129000, NULL, 100, 'tamlyhoctinhcach.jpg', 5),
('Book031', 'Thay đổi cuộc sống', 'Category006', 'Author004', 'Cuốn sách chính là tập hợp những câu chuyện, câu nói hay về cuộc sống. Những dòng triết lý ngắn gọn, nội dung hướng bạn đọc đến những suy nghĩ tích cực hơn về nhiều khía cạnh trong cuộc sống. Bạn chỉ sống có một lần chính là sự lựa chọn tốt nhất dành cho những bạn trẻ đang tìm kiếm đáp án hoàn mỹ về hạnh phúc của bản thân.', 'A5', 192, '11.3 x 17.6', '2019-03-20', 'Publish001', 'Tiếng Việt', 'Cuốn sách chính là tập hợp những câu chuyện, câu nói hay về cuộc sống. Những dòng triết lý ngắn gọn, nội dung hướng bạn đọc đến những suy nghĩ tích cực hơn về nhiều khía cạnh trong cuộc sống. Bạn chỉ sống có một lần chính là sự lựa chọn tốt nhất dành cho những bạn trẻ đang tìm kiếm đáp án hoàn mỹ về hạnh phúc của bản thân.', NULL, 129000, 129000, NULL, 100, 'thaydoicuocsongvoinhansohoc.jpg', 5),
('Book032', 'Tư duy phản biện', 'Category006', 'Author004', 'Cuốn sách chính là tập hợp những câu chuyện, câu nói hay về cuộc sống. Những dòng triết lý ngắn gọn, nội dung hướng bạn đọc đến những suy nghĩ tích cực hơn về nhiều khía cạnh trong cuộc sống. Bạn chỉ sống có một lần chính là sự lựa chọn tốt nhất dành cho những bạn trẻ đang tìm kiếm đáp án hoàn mỹ về hạnh phúc của bản thân.', 'A5', 192, '11.3 x 17.6', '2022-10-13', 'Publish001', 'Tiếng Việt', 'Cuốn sách chính là tập hợp những câu chuyện, câu ni hay về cuộc sống. Những dòng triết lý ngắn gọn, nội dung hướng bạn đọc đến những suy nghĩ tích cực hơn về nhiều khía cạnh trong cuộc sống. Bạn chỉ sống có một lần chính là sự lựa chọn tốt nhất dành cho những bạn trẻ đang tìm kiếm đáp án hoàn mỹ về hạnh phúc của bản thân.', NULL, 129000, 129000, NULL, 100, 'tuduyphanbien.jpg', 5),
('Book033', 'Tuổi trẻ đáng giá', 'Category006', 'Author004', 'Cuốn sách chính là tập hợp những câu chuyện, câu nói hay về cuộc sống. Những dòng triết lý ngắn gọn, nội dung hướng bạn đọc đến những suy nghĩ tích cực hơn về nhiều khía cạnh trong cuộc sống. Bạn chỉ sống có một lần chính là sự lựa chọn tốt nhất dành cho những bạn trẻ đang tìm kiếm đáp án hoàn mỹ về hạnh phúc của bản thân.', 'A5', 192, '11.3 x 17.6', '2019-03-20', 'Publish001', 'Tiếng Việt', 'Cuốn sách chính là tập hợp những câu chuyện, câu nói hay về cuộc sống. Những dòng triết lý ngắn gọn, nội dung hướng bạn đọc đến những suy nghĩ tích cực hơn về nhiều khía cạnh trong cuộc sống. Bạn chỉ sống có một lần chính là sự lựa chọn tốt nhất dành cho những bạn trẻ đang tìm kiếm đáp án hoàn mỹ về hạnh phúc của bản thân.', NULL, 82000, 82000, NULL, 100, 'tuoitredanggiabaonhieu.jpg', 5),
('Book034', 'Trồng hạnh phúc', 'Category006', 'Author007', 'Cuốn sách chính là tập hợp những câu chuyện, câu nói hay về cuộc sống. Những dòng triết lý ngắn gọn, nội dung hướng bạn đọc đến những suy nghĩ tích cực hơn về nhiều khía cạnh trong cuộc sống. Bạn chỉ sống có một lần chính là sự lựa chọn tốt nhất dành cho những bạn trẻ đang tìm kiếm đáp án hoàn mỹ về hạnh phúc của bản thân.', 'A5', 192, '11.3 x 17.6', '2019-03-20', 'Publish001', 'Tiếng Việt', 'Cuốn sách chính là tập hợp những câu chuyện, câu nói hay về cuộc sống. Những dòng triết lý ngắn gọn, nội dung hướng bạn đọc đến những suy nghĩ tích cực hơn về nhiều khía cạnh trong cuộc sống. Bạn chỉ sống có một lần chính là sự lựa chọn tốt nhất dành cho những bạn trẻ đang tìm kiếm đáp án hoàn mỹ về hạnh phúc của bản thân.', NULL, 55000, 55000, NULL, 100, 'gieotronghanhphuc.jpg', 5),
('Book035', '999 lá mùa thu', 'Category005', 'Author004', 'Cuốn sách chính là tập hợp những câu chuyện, câu nói hay về cuộc sống. Những dòng triết lý ngắn gọn, nội dung hướng bạn đọc đến những suy nghĩ tích cực hơn về nhiều khía cạnh trong cuộc sống. Bạn chỉ sống có một lần chính là sự lựa chọn tốt nhất dành cho những bạn trẻ đang tìm kiếm đáp án hoàn mỹ về hạnh phúc của bản thân.', 'A5', 192, '11.3 x 17.6', '2019-03-20', 'Publish001', 'Tiếng Việt', 'Cuốn sách chính là tập hợp những câu chuyện, câu nói hay về cuộc sống. Những dòng triết lý ngắn gọn, nội dung hướng bạn đọc đến những suy nghĩ tích cực hơn về nhiều khía cạnh trong cuộc sống. Bạn chỉ sống có một lần chính là sự lựa chọn tốt nhất dành cho những bạn trẻ đang tìm kiếm đáp án hoàn mỹ về hạnh phúc của bản thân.', NULL, 320000, 320000, NULL, 100, '999lathu.jpg', 5),
('Book036', 'Bố già', 'Category005', 'Author006', 'Cuốn sách chính là tập hợp những câu chuyện, câu nói hay về cuộc sống. Những dòng triết lý ngắn gọn, nội dung hướng bạn đọc đến những suy nghĩ tích cực hơn về nhiều khía cạnh trong cuộc sống. Bạn chỉ sống có một lần chính là sự lựa chọn tốt nhất dành cho những bạn trẻ đang tìm kiếm đáp án hoàn mỹ về hạnh phúc của bản thân.', 'A5', 192, '11.3 x 17.6', '2019-03-20', 'Publish001', 'Tiếng Việt', 'Cuốn sách chính là tập hợp những câu chuyện, câu nói hay về cuộc sống. Những dòng triết lý ngắn gọn, nội dung hướng bạn đọc đến những suy nghĩ tích cực hơn về nhiều khía cạnh trong cuộc sống. Bạn chỉ sống có một lần chính là sự lựa chọn tốt nhất dành cho những bạn trẻ đang tìm kiếm đáp án hoàn mỹ về hạnh phúc của bản thân.', NULL, 320000, 320000, NULL, 100, 'Bogia.jpg', 5),
('Book037', 'Cảm ơn người lớn', 'Category005', 'Author006', 'Cuốn sách chính là tập hợp những câu chuyện, câu nói hay về cuộc sống. Những dòng triết lý ngắn gọn, nội dung hướng bạn đọc đến những suy nghĩ tích cực hơn về nhiều khía cạnh trong cuộc sống. Bạn chỉ sống có một lần chính là sự lựa chọn tốt nhất dành cho những bạn trẻ đang tìm kiếm đáp án hoàn mỹ về hạnh phúc của bản thân.', 'A5', 192, '11.3 x 17.6', '2019-03-20', 'Publish001', 'Tiếng Việt', 'Cuốn sách chính là tập hợp những câu chuyện, câu nói hay về cuộc sống. Những dòng triết lý ngắn gọn, nội dung hướng bạn đọc đến những suy nghĩ tích cực hơn về nhiều khía cạnh trong cuộc sống. Bạn chỉ sống có một lần chính là sự lựa chọn tốt nhất dành cho những bạn trẻ đang tìm kiếm đáp án hoàn mỹ về hạnh phúc của bản thân.', NULL, 74000, 74000, NULL, 100, 'baitaptinhoc.jpg', 5),
('Book038', 'Cây cam ngọt của tôi', 'Category005', 'Author006', 'Cuốn sách chính là tập hợp những câu chuyện, câu nói hay về cuộc sống. Những dòng triết lý ngắn gọn, nội dung hướng bạn đọc đến những suy nghĩ tích cực hơn về nhiều khía cạnh trong cuộc sống. Bạn chỉ sống có một lần chính là sự lựa chọn tốt nhất dành cho những bạn trẻ đang tìm kiếm đáp án hoàn mỹ về hạnh phúc của bản thân.', 'A5', 192, '11.3 x 17.6', '2019-03-20', 'Publish001', 'Tiếng Việt', 'Cuốn sách chính là tập hợp những câu chuyện, câu nói hay về cuộc sống. Những dòng triết lý ngắn gọn, nội dung hướng bạn đọc đến những suy nghĩ tích cực hơn về nhiều khía cạnh trong cuộc sống. Bạn chỉ sống có một lần chính là sự lựa chọn tốt nhất dành cho những bạn trẻ đang tìm kiếm đáp án hoàn mỹ về hạnh phúc của bản thân.', NULL, 74000, 74000, NULL, 100, 'caycamngotcuatoi.jpg', 5),
('Book039', 'Cho xin vé về tuổi thơ', 'Category006', 'Author005', 'Cuốn sách chính là tập hợp những câu chuyện, câu nói hay về cuộc sống. Những dòng triết lý ngắn gọn, nội dung hướng bạn đọc đến những suy nghĩ tích cực hơn về nhiều khía cạnh trong cuộc sống. Bạn chỉ sống có một lần chính là sự lựa chọn tốt nhất dành cho những bạn trẻ đang tìm kiếm đáp án hoàn mỹ về hạnh phúc của bản thân.', 'A5', 192, '11.3 x 17.6', '2019-03-20', 'Publish001', 'Tiếng Việt', 'Cuốn sách chính là tập hợp những câu chuyện, câu nói hay về cuộc sống. Những dòng triết lý ngắn gọn, nội dung hướng bạn đọc đến những suy nghĩ tích cực hơn về nhiều khía cạnh trong cuộc sống. Bạn chỉ sống có một lần chính là sự lựa chọn tốt nhất dành cho những bạn trẻ đang tìm kiếm đáp án hoàn mỹ về hạnh phúc của bản thân.', NULL, 82000, 82000, NULL, 100, 'timemnoianh.jpg', 5),
('Book040', 'Đau ơi bay đi', 'Category006', 'Author006', 'Cuốn sách chính là tập hợp những câu chuyện, câu nói hay về cuộc sống. Những dòng triết lý ngắn gọn, nội dung hướng bạn đọc đến những suy nghĩ tích cực hơn về nhiều khía cạnh trong cuộc sống. Bạn chỉ sống có một lần chính là sự lựa chọn tốt nhất dành cho những bạn trẻ đang tìm kiếm đáp án hoàn mỹ về hạnh phúc của bản thân.', 'A5', 192, '11.3 x 17.6', '2019-03-20', 'Publish001', 'Tiếng Việt', 'Cuốn sách chính là tập hợp những câu chuyện, câu nói hay về cuộc sống. Những dòng triết lý ngắn gọn, nội dung hướng bạn đọc đến những suy nghĩ tích cực hơn về nhiều khía cạnh trong cuộc sống. Bạn chỉ sống có một lần chính là sự lựa chọn tốt nhất dành cho những bạn trẻ đang tìm kiếm đáp án hoàn mỹ về hạnh phúc của bản thân.', NULL, 82000, 82000, NULL, 100, 'dauoibaydi.jpg', 5),
('Book041', 'Điều kỳ diệu', 'Category006', 'Author006', 'Cuốn sách chính là tập hợp những câu chuyện, câu nói hay về cuộc sống. Những dòng triết lý ngắn gọn, nội dung hướng bạn đọc đến những suy nghĩ tích cực hơn về nhiều khía cạnh trong cuộc sống. Bạn chỉ sống có một lần chính là sự lựa chọn tốt nhất dành cho những bạn trẻ đang tìm kiếm đáp án hoàn mỹ về hạnh phúc của bản thân.', 'A5', 192, '11.3 x 17.6', '2019-03-20', 'Publish001', 'Tiếng Việt', 'Cuốn sách chính là tập hợp những câu chuyện, câu nói hay về cuộc sống. Những dòng triết lý ngắn gọn, nội dung hướng bạn đọc đến những suy nghĩ tích cực hơn về nhiều khía cạnh trong cuộc sống. Bạn chỉ sống có một lần chính là sự lựa chọn tốt nhất dành cho những bạn trẻ đang tìm kiếm đáp án hoàn mỹ về hạnh phúc của bản thân.', NULL, 82000, 82000, NULL, 100, 'fantasticflyers.jpg', 5),
('Book042', 'Gọi em bằng tên anh', 'Category006', 'Author006', 'Cuốn sách chính là tập hợp những câu chuyện, câu nói hay về cuộc sống. Những dòng triết lý ngắn gọn, nội dung hướng bạn đọc đến những suy nghĩ tích cực hơn về nhiều khía cạnh trong cuộc sống. Bạn chỉ sống có một lần chính là sự lựa chọn tốt nhất dành cho những bạn trẻ đang tìm kiếm đáp án hoàn mỹ về hạnh phúc của bản thân.', 'A5', 192, '11.3 x 17.6', '2019-03-20', 'Publish001', 'Tiếng Việt', 'Cuốn sách chính là tập hợp những câu chuyện, câu nói hay về cuộc sống. Những dòng triết lý ngắn gọn, nội dung hướng bạn đọc đến những suy nghĩ tích cực hơn về nhiều khía cạnh trong cuộc sống. Bạn chỉ sống có một lần chính là sự lựa chọn tốt nhất dành cho những bạn trẻ đang tìm kiếm đáp án hoàn mỹ về hạnh phúc của bản thân.', NULL, 82000, 82000, NULL, 100, 'timemnoianh.jpg', 5),
('Book043', 'Hai đứa trẻ', 'Category006', 'Author007', 'Cuốn sách chính là tập hợp những câu chuyện, câu nói hay về cuộc sống. Những dòng triết lý ngắn gọn, nội dung hướng bạn đọc đến những suy nghĩ tích cực hơn về nhiều khía cạnh trong cuộc sống. Bạn chỉ sống có một lần chính là sự lựa chọn tốt nhất dành cho những bạn trẻ đang tìm kiếm đáp án hoàn mỹ về hạnh phúc của bản thân.', 'A5', 192, '11.3 x 17.6', '2019-03-20', 'Publish001', 'Tiếng Việt', 'Cuốn sách chính là tập hợp những câu chuyện, câu nói hay về cuộc sống. Những dòng triết lý ngắn gọn, nội dung hướng bạn đọc đến những suy nghĩ tích cực hơn về nhiều khía cạnh trong cuộc sống. Bạn chỉ sống có một lần chính là sự lựa chọn tốt nhất dành cho những bạn trẻ đang tìm kiếm đáp án hoàn mỹ về hạnh phúc của bản thân.', NULL, 82000, 82000, NULL, 100, 'haiduatre.jpg', 5),
('Book044', 'Mục đích sống', 'Category006', 'Author007', 'Cuốn sách chính là tập hợp những câu chuyện, câu nói hay về cuộc sống. Những dòng triết lý ngắn gọn, nội dung hướng bạn đọc đến những suy nghĩ tích cực hơn về nhiều khía cạnh trong cuộc sống. Bạn chỉ sống có một lần chính là sự lựa chọn tốt nhất dành cho những bạn trẻ đang tìm kiếm đáp án hoàn mỹ về hạnh phúc của bản thân.', 'A5', 192, '11.3 x 17.6', '2019-03-20', 'Publish001', 'Tiếng Việt', 'Cuốn sách chính là tập hợp những câu chuyện, câu nói hay về cuộc sống. Những dòng triết lý ngắn gọn, nội dung hướng bạn đọc đến những suy nghĩ tích cực hơn về nhiều khía cạnh trong cuộc sống. Bạn chỉ sống có một lần chính là sự lựa chọn tốt nhất dành cho những bạn trẻ đang tìm kiếm đáp án hoàn mỹ về hạnh phúc của bản thân.', NULL, 82000, 82000, NULL, 100, 'mucdichsong.jpg', 5),
('Book045', 'Lì quá để nói quài', 'Category006', 'Author007', 'Cuốn sách chính là tập hợp những câu chuyện, câu nói hay về cuộc sống. Những dòng triết lý ngắn gọn, nội dung hướng bạn đọc đến những suy nghĩ tích cực hơn về nhiều khía cạnh trong cuộc sống. Bạn chỉ sống có một lần chính là sự lựa chọn tốt nhất dành cho những bạn trẻ đang tìm kiếm đáp án hoàn mỹ về hạnh phúc của bản thân.', 'A5', 192, '11.3 x 17.6', '2019-03-20', 'Publish001', 'Tiếng Việt', 'Cuốn sách chính là tập hợp những câu chuyện, câu nói hay về cuộc sống. Những dòng triết lý ngắn gọn, nội dung hướng bạn đọc đến những suy nghĩ tích cực hơn về nhiều khía cạnh trong cuộc sống. Bạn chỉ sống có một lần chính là sự lựa chọn tốt nhất dành cho những bạn trẻ đang tìm kiếm đáp án hoàn mỹ về hạnh phúc của bản thân.', NULL, 82000, 82000, NULL, 100, 'liquadenoiquai.jpg', 5),
('Book046', 'Thơ Xuân Diệu', 'Category006', 'Author008', 'Cuốn sách chính là tập hợp những câu chuyện, câu nói hay về cuộc sống. Những dòng triết lý ngắn gọn, nội dung hướng bạn đọc đến những suy nghĩ tích cực hơn về nhiều khía cạnh trong cuộc sống. Bạn chỉ sống có một lần chính là sự lựa chọn tốt nhất dành cho những bạn trẻ đang tìm kiếm đáp án hoàn mỹ về hạnh phúc của bản thân.', 'A5', 192, '11.3 x 17.6', '2019-03-20', 'Publish001', 'Tiếng Việt', 'Cuốn sách chính là tập hợp những câu chuyện, câu nói hay về cuộc sống. Những dòng triết lý ngắn gọn, nội dung hướng bạn đọc đến những suy nghĩ tích cực hơn về nhiều khía cạnh trong cuộc sống. Bạn chỉ sống có một lần chính là sự lựa chọn tốt nhất dành cho những bạn trẻ đang tìm kiếm đáp án hoàn mỹ về hạnh phúc của bản thân.', NULL, 82000, 82000, NULL, 100, 'thoxuandieu.jpg', 5),
('Book047', 'Tìm em nơi anh', 'Category006', 'Author008', 'Cuốn sách chính là tập hợp những câu chuyện, câu nói hay về cuộc sống. Những dòng triết lý ngắn gọn, nội dung hướng bạn đọc đến những suy nghĩ tích cực hơn về nhiều khía cạnh trong cuộc sống. Bạn chỉ sống có một lần chính là sự lựa chọn tốt nhất dành cho những bạn trẻ đang tìm kiếm đáp án hoàn mỹ về hạnh phúc của bản thân.', 'A5', 192, '11.3 x 17.6', '2019-03-20', 'Publish001', 'Tiếng Việt', 'Cuốn sách chính là tập hợp những câu chuyện, câu nói hay về cuộc sống. Những dòng triết lý ngắn gọn, nội dung hướng bạn đọc đến những suy nghĩ tích cực hơn về nhiều khía cạnh trong cuộc sống. Bạn chỉ sống có một lần chính là sự lựa chọn tốt nhất dành cho những bạn trẻ đang tìm kiếm đáp án hoàn mỹ về hạnh phúc của bản thân.', NULL, 82000, 82000, NULL, 100, 'timemnoianh.jpg', 5),
('Book048', 'Số đỏ', 'Category006', 'Author009', 'Cuốn sách chính là tập hợp những câu chuyện, câu nói hay về cuộc sống. Những dòng triết lý ngắn gọn, nội dung hướng bạn đọc đến những suy nghĩ tích cực hơn về nhiều khía cạnh trong cuộc sống. Bạn chỉ sống có một lần chính là sự lựa chọn tốt nhất dành cho những bạn trẻ đang tìm kiếm đáp án hoàn mỹ về hạnh phúc của bản thân.', 'A5', 192, '11.3 x 17.6', '2019-03-20', 'Publish001', 'Tiếng Việt', 'Cuốn sách chính là tập hợp những câu chuyện, câu nói hay về cuộc sống. Những dòng triết lý ngắn gọn, nội dung hướng bạn đọc đến những suy nghĩ tích cực hơn về nhiều khía cạnh trong cuộc sống. Bạn chỉ sống có một lần chính là sự lựa chọn tốt nhất dành cho những bạn trẻ đang tìm kiếm đáp án hoàn mỹ về hạnh phúc của bản thân.', NULL, 82000, 82000, NULL, 100, 'sodo.jpg', 5),
('Book049', 'Combo sách HanniBal', 'Category001', 'Author009', 'Cuốn sách chính là tập hợp những câu chuyện, câu nói hay về cuộc sống. Những dòng triết lý ngắn gọn, nội dung hướng bạn đọc đến những suy nghĩ tích cực hơn về nhiều khía cạnh trong cuộc sống. Bạn chỉ sống có một lần chính là sự lựa chọn tốt nhất dành cho những bạn trẻ đang tìm kiếm đáp án hoàn mỹ về hạnh phúc của bản thân.', 'A5', 192, '11.3 x 17.6', '2019-03-20', 'Publish001', 'Tiếng Việt', 'Cuốn sách chính là tập hợp những câu chuyện, câu nói hay về cuộc sống. Những dòng triết lý ngắn gọn, nội dung hướng bạn đọc đến những suy nghĩ tích cực hơn về nhiều khía cạnh trong cuộc sống. Bạn chỉ sống có một lần chính là sự lựa chọn tốt nhất dành cho những bạn trẻ đang tìm kiếm đáp án hoàn mỹ về hạnh phúc của bản thân.', NULL, 82000, 82000, NULL, 100, 'combosachhannibal.jpg', 5),
('Book050', 'động từ bất quy tắc', 'Category002', 'Author009', 'Cuốn sách giúp người đọc ghi nhớ và biết cách sử dụng chính xác các động từ bất quy tắc cũng như cách dùng các thì trong tiếng Anh. \r\nNội dung sách bao gồm 2 phần cụ thể: Phần 1 giới thiệu bảng 600 động từ bất quy tắc trong tiếng Anh kèm phiên âm và dịch nghĩa được trình bày cụ thể và khoa học, giúp người học dễ dàng nắm bắt và sử dụng; Phần 2 giới thiệu cách sử dụng các thì trong tiếng Anh kèm bài tập vận dụng.\r\nCó thể nói, đây là cuốn sách hữu ích, giúp người học tiếng Anh bước qua trở ngại về ngữ pháp, trong đó có vấn đề ghi nhớ các động từ bất quy tắc và cách ứng dụng các thì trong tiếng Anh, nhằm từng bước nâng cao khả năng tiếng Anh của mình.', 'A5', 124, '14.5 x 20.5', '2019-04-20', 'Publish003', 'Tiếng Việt', 'Cuốn sách giúp người đọc ghi nhớ và biết cách sử dụng chính xác các động từ bất quy tắc cũng như cách dùng các thì trong tiếng Anh. \r\nNội dung sách bao gồm 2 phần cụ thể: Phần 1 giới thiệu bảng 600 động từ bất quy tắc trong tiếng Anh kèm phiên âm và dịch nghĩa được trình bày cụ thể và khoa học, giúp người học dễ dàng nắm bắt và sử dụng; Phần 2 giới thiệu cách sử dụng các thì trong tiếng Anh kèm bài tập vận dụng.\r\nCó thể nói, đây là cuốn sách hữu ích, giúp người học tiếng Anh bước qua trở ngại về ngữ pháp, trong đó có vấn đề ghi nhớ các động từ bất quy tắc và cách ứng dụng các thì trong tiếng Anh, nhằm từng bước nâng cao khả năng tiếng Anh của mình.', NULL, 33000, 33000, NULL, 150, '600dongtubatquytac.jpg', 5),
('Book051', '2000 từ vựng TA', 'Category002', 'Author009', 'Nhà ngôn ngữ học nổi tiếng D.A.Wilkins đã nói rằng “Without grammar, very little can be conveyed; without vocabulary, nothing can be conveyed.” (Không có ngữ pháp, rất ít thông tin có thể được truyền đạt; Không có từ vựng, không một thông tin nào có thể được truyền đạt cả). Vì thế, trong việc học một ngoại ngữ, thì từ vựng có thể xem như các tế bào nhỏ hình thành nên khả năng sử dụng ngoại ngữ của người học.', 'A5', 260, '14.5 x 9.5', '2019-02-20', 'Publish003', 'Tiếng Việt', 'Trong việc học một ngoại ngữ, thì từ vựng có thể xem như các tế bào nhỏ hình thành nên khả năng sử dụng ngoại ngữ của người học.', NULL, 33000, 33000, NULL, 150, '2000tutienganh.jpg', 5),
('Book052', 'ngữ pháp Tiếng Hàn', 'Category002', 'Author009', 'Thời gian gần đây, việc dạy và học tiếng Hàn đã trở nên phổ biến không những ở các nước trên thế giới như Mỹ, Anh, Pháp mà cả ở Việt Nam chúng ta. Số lượng người theo học tiếng Hàn đã tăng nhanh một cách đáng kể. Tuy nhiên, số sách dạy tiếng Hàn dành cho những người theo học tại các cơ sở đào tạo hay tự học tại nhà vẫn còn hạn chế. Xuất phát từ nhu cầu đó, đội ngũ biên soạn đã cố gắng tìm tòi và nghiên cứu để có thể mang đến cho bạn đọc một bộ sách học và luyện tập tiếng Hàn một cách chỉn chu nhất. Bộ sách gồm hai quyển: Bài tập ngữ pháp tiếng Hàn - Trình độ căn bản và Bài tập ngữ pháp tiếng Hàn - Trình độ nâng cao, tập trung giải thích các điểm ngữ pháp tiếng Hàn ở cả hai trình độ căn bản và nâng cao cùng những bài tập liên quan để người học có cơ hội luyện tập và củng cố kiến thức của mình về ngữ pháp.', 'A5', 297, '24 x 16', '2016-02-22', 'Publish003', 'Tiếng Việt', ' Bài tập ngữ pháp tiếng Hàn - Trình độ căn bản và Bài tập ngữ pháp tiếng Hàn - Trình độ nâng cao, tập trung giải thích các điểm ngữ pháp tiếng Hàn ở cả hai trình độ căn bản và nâng cao cùng những bài tập liên quan để người học có cơ hội luyện tập và củng cố kiến thức của mình về ngữ pháp.', NULL, 58000, 58000, NULL, 125, 'baitaptinhoc.jpg', 5),
('Book053', 'Fantastic Flyers', 'Category002', 'Author009', 'Fantastic Flyers là một khóa học chuẩn bị lý tưởng cho kỳ thi Cambridge English: Young Learners Movers. Fantastic Flyers phiên bản thứ 2 đã được sửa đổi và cập nhật rộng rãi cho giáo trình năm 2018 với các tác phẩm nghệ thuật mới lấp lánh và tài nguyên giáo viên bổ sung, bao gồm cả tài liệu cho Interactive Whiteboard. Fantastic Flyers không chỉ là một khóa học luyện thi. Nó đặc biệt chú trọng vào việc làm cho việc học tiếng Anh và chuẩn bị cho bài kiểm tra trở nên thú vị!', 'A5', 84, '21 x 29.7', '2020-12-22', 'Publish003', 'Tiếng Anh', 'Fantastic Flyers phiên bản thứ 2 đã được sửa đổi và cập nhật rộng rãi cho giáo trình năm 2018 với các tác phẩm nghệ thuật mới lấp lánh và tài nguyên giáo viên bổ sung, bao gồm cả tài liệu cho Interactive Whiteboard. Fantastic Flyers không chỉ là một khóa học luyện thi. Nó đặc biệt chú trọng vào việc làm cho việc học tiếng Anh và chuẩn bị cho bài kiểm tra trở nên thú vị!', NULL, 95000, 95000, NULL, 80, 'fantasticflyers.jpg', 5),
('Book054', 'Hackers Ielts Basic', 'Category002', 'Author004', 'Gamma Books đã cho ra mắt bộ sách Hackers IELTS Basic gồm bốn kĩ năng: Listening – Reading – Speaking – Writing nhằm giúp người học xây dựng được chiến lược học tập hiệu quả và rèn luyện các kĩ năng từ bước cơ bản nhất. Bộ sách sẽ là công cụ hữu ích giúp người học tiếp cận với IELTS theo cách đơn giản đến không ngờ.', 'A5', 448, '24 x 16 ', '2021-10-22', 'Publish005', 'Tiếng Việt', 'Gamma Books đã cho ra mắt bộ sách Hackers IELTS Basic gồm bốn kĩ năng: Listening – Reading – Speaking – Writing nhằm giúp người học xây dựng được chiến lược học tập hiệu quả và rèn luyện các kĩ năng từ bước cơ bản nhất. Bộ sách sẽ là công cụ hữu ích giúp người học tiếp cận với IELTS theo cách đơn giản đến không ngờ.', NULL, 137000, 137000, NULL, 180, 'ieltslistening.jpg', 5),
('Book055', 'Hackers Ielts Basic', 'Category002', 'Author004', 'Gamma Books đã cho ra mắt bộ sách Hackers IELTS Basic gồm bốn kĩ năng: Listening – Reading – Speaking – Writing nhằm giúp người học xây dựng được chiến lược học tập hiệu quả và rèn luyện các kĩ năng từ bước cơ bản nhất. Bộ sách sẽ là công cụ hữu ích giúp người học tiếp cận với IELTS theo cách đơn giản đến không ngờ.', 'A5', 448, '24 x 16 ', '2021-10-22', 'Publish005', 'Tiếng Việt', 'Gamma Books đã cho ra mắt bộ sách Hackers IELTS Basic gồm bốn kĩ năng: Listening – Reading – Speaking – Writing nhằm giúp người học xây dựng được chiến lược học tập hiệu quả và rèn luyện các kĩ năng từ bước cơ bản nhất. Bộ sách sẽ là công cụ hữu ích giúp người học tiếp cận với IELTS theo cách đơn giản đến không ngờ.', NULL, 119000, 119000, NULL, 372, 'ieltslistening.jpg', 5),
('Book056', 'Mindmap English', 'Category002', 'Author003', 'Gamma Books đã cho ra mắt bộ sách Hackers IELTS Basic gồm bốn kĩ năng: Listening – Reading – Speaking – Writing nhằm giúp người học xây dựng được chiến lược học tập hiệu quả và rèn luyện các kĩ năng từ bước cơ bản nhất. Bộ sách sẽ là công cụ hữu ích giúp người học tiếp cận với IELTS theo cách đơn giản đến không ngờ.', 'A5', 448, '24 x 17 x 0.5', '2018-10-22', 'Publish006', 'Tiếng Việt', 'Gamma Books đã cho ra mắt bộ sách Hackers IELTS Basic gồm bốn kĩ năng: Listening – Reading – Speaking – Writing nhằm giúp người học xây dựng được chiến lược học tập hiệu quả và rèn luyện các kĩ năng từ bước cơ bản nhất. Bộ sách sẽ là công cụ hữu ích giúp người học tiếp cận với IELTS theo cách đơn giản đến không ngờ.', NULL, 133000, 133000, NULL, 292, 'mindmap.jpg', 5),
('Book057', 'Nghiền từ vựng', 'Category002', 'Author005', 'Gamma Books đã cho ra mắt bộ sách Hackers IELTS Basic gồm bốn kĩ năng: Listening – Reading – Speaking – Writing nhằm giúp người học xây dựng được chiến lược học tập hiệu quả và rèn luyện các kĩ năng từ bước cơ bản nhất. Bộ sách sẽ là công cụ hữu ích giúp người học tiếp cận với IELTS theo cách đơn giản đến không ngờ.', 'A5', 308, '24 x 17', '2019-10-22', 'Publish006', 'Tiếng Việt', 'Gamma Books đã cho ra mắt bộ sách Hackers IELTS Basic gồm bốn kĩ năng: Listening – Reading – Speaking – Writing nhằm giúp người học xây dựng được chiến lược học tập hiệu quả và rèn luyện các kĩ năng từ bước cơ bản nhất. Bộ sách sẽ là công cụ hữu ích giúp người học tiếp cận với IELTS theo cách đơn giản đến không ngờ.', NULL, 133000, 133000, NULL, 92, 'nghientuvungtienganh.jpg', 5),
('Book058', 'Developing Skills', 'Category002', 'Author003', 'Ở giai đoạn bắt đầu luyện thi, các bạn thường khá hoang mang khi không biết kiến thức ngữ pháp và từ vựng căn bản nào cần học trước tiên. Sử dụng nhiều sách khiến các bạn cảm thấy bị nhồi nhét kiến thức một cách quá đà và không hiểu được nội dung trọng tâm cần ôn. Đây là cuốn sách ngữ pháp mất gốc căn bản có lever từ 0 tới 350 giúp tổng hợp những kiến thức cơ bản thường được dùng trong các kì thi, giúp bạn ôn thi hiệu quả hơn.', 'A5', 272, '26 x 19 x 1', '2021-10-22', 'Publish004', 'Tiếng Việt', 'Ở giai đoạn bắt đầu luyện thi, các bạn thường khá hoang mang khi không biết kiến thức ngữ pháp và từ vựng căn bản nào cần học trước tiên. Sử dụng nhiều sách khiến các bạn cảm thấy bị nhồi nhét kiến thức một cách quá đà và không hiểu được nội dung trọng tâm cần ôn. Đây là cuốn sách ngữ pháp mất gốc căn bản có lever từ 0 tới 350 giúp tổng hợp những kiến thức cơ bản thường được dùng trong các kì thi, giúp bạn ôn thi hiệu quả hơn.', NULL, 127000, 127000, NULL, 100, 'skilltoeic.jpg', 5);
INSERT INTO `books` (`BookID`, `BookName`, `CategoryID`, `AuthorID`, `Descript`, `formats`, `pages`, `dimensions`, `publicationDate`, `PublisherID`, `Languages`, `Illustrationsnote`, `OtherFormat`, `OldPrice`, `Price`, `Statuss`, `Quantity`, `FileIMG`, `ReviewStar`) VALUES
('Book059', 'Tư duy triệu phú', 'Category003', 'Author008', 'Trong cuốn sách này T. Harv Eker sẽ tiết lộ những bí mật tại sao một số người lại đạt được những thành công vượt bậc, được số phận ban cho cuộc sống sung túc, giàu có, trong khi một số người khác phải chật vật, vất vả mới có một cuộc sống qua ngày. Bạn sẽ hiểu được nguồn gốc sự thật và những yếu tố quyết định thành công, thất bại để rồi áp dụng, thay đổi cách suy nghĩ, lên kế hoạch rồi tìm ra cách làm việc, đầu tư, sử dụng nguồn tài chính của bạn theo hướng hiệu quả nhất.', 'A5', 287, '20.5 x 14.5', '2021-10-22', 'Publish002', 'Tiếng Việt', 'T. Harv Eker sẽ tiết lộ những bí mật tại sao một số người lại đạt được những thành công vượt bậc, được số phận ban cho cuộc sống sung túc, giàu có, trong khi một số người khác phải chật vật, vất vả mới có một cuộc sống qua ngày. Bạn sẽ hiểu được nguồn gốc sự thật và những yếu tố quyết định thành công, thất bại để rồi áp dụng, thay đổi cách suy nghĩ, lên kế hoạch rồi tìm ra cách làm việc, đầu tư, sử dụng nguồn tài chính của bạn theo hướng hiệu quả nhất.', NULL, 91000, 91000, NULL, 50, 'bimattuduytrieuphu.jpg', 5),
('Book060', 'Xây dựng con người', 'Category003', 'Author008', 'Trong cuốn sách này T. Harv Eker sẽ tiết lộ những bí mật tại sao một số người lại đạt được những thành công vượt bậc, được số phận ban cho cuộc sống sung túc, giàu có, trong khi một số người khác phải chật vật, vất vả mới có một cuộc sống qua ngày. Bạn sẽ hiểu được nguồn gốc sự thật và những yếu tố quyết định thành công, thất bại để rồi áp dụng, thay đổi cách suy nghĩ, lên kế hoạch rồi tìm ra cách làm việc, đầu tư, sử dụng nguồn tài chính của bạn theo hướng hiệu quả nhất.', 'A5', 207, '20.5 x 14.5', '2021-10-22', 'Publish003', 'Tiếng Việt', 'T. Harv Eker sẽ tiết lộ những bí mật tại sao một số người lại đạt được những thành công vượt bậc, được số phận ban cho cuộc sống sung túc, giàu có, trong khi một số người khác phải chật vật, vất vả mới có một cuộc sống qua ngày. Bạn sẽ hiểu được nguồn gốc sự thật và những yếu tố quyết định thành công, thất bại để rồi áp dụng, thay đổi cách suy nghĩ, lên kế hoạch rồi tìm ra cách làm việc, đầu tư, sử dụng nguồn tài chính của bạn theo hướng hiệu quả nhất.', NULL, 172000, 172000, NULL, 65, 'cachnetflixxaydungconnguoi.jpg', 5),
('Book061', 'Chiến Tranh Tiền Tệ', 'Category003', 'Author008', 'Một khi đọc “Chiến tranh tiền tệ - Ai thật sự là người giàu nhất thế giới” bạn sẽ phải giật mình nhận ra một điều kinh khủng rằng, đằng sau những tờ giấy bạc chúng ta chi tiêu hàng ngày là cả một thế lực ngầm đáng sợ - một thế lực bí ẩn với quyền lực siêu nhiên có thể điều khiển cả thế giới rộng lớn này.', 'A5', 532, '20.5 x 14.5', '2011-10-22', 'Publish004', 'Tiếng Việt', 'Một khi đọc “Chiến tranh tiền tệ - Ai thật sự là người giàu nhất thế giới” bạn sẽ phải giật mình nhận ra một điều kinh khủng rằng, đằng sau những tờ giấy bạc chúng ta chi tiêu hàng ngày là cả một thế lực ngầm đáng sợ - một thế lực bí ẩn với quyền lực siêu nhiên có thể điều khiển cả thế giới rộng lớn này.', NULL, 107000, 107000, NULL, 44, 'chientranhtiente1.jpg', 5),
('Book062', 'Dạy con làm giàu', 'Category003', 'Author008', 'Người giàu không làm việc vì tiền. Họ bắt tiền làm việc cho họ. Chấp nhận thất bại là bước đầu của thành công? Quyền lực của sự lựa chọn! Những bài học không có trong nhà trường. Hãy bắt đầu từ hôm nay “để không có tiền vẫn tạo ra tiền”', 'A5', 195, '13 x 20.5', '2018-08-22', 'Publish004', 'Tiếng Việt', 'Người giàu không làm việc vì tiền. Họ bắt tiền làm việc cho họ. Chấp nhận thất bại là bước đầu của thành công? Quyền lực của sự lựa chọn! Những bài học không có trong nhà trường. Hãy bắt đầu từ hôm nay “để không có tiền vẫn tạo ra tiền”', NULL, 107000, 107000, NULL, 44, 'DayConlamgiautap1.jpg', 5),
('Book063', 'Đọc Vị Bất Kì Ai', 'Category003', 'Author008', 'Người giàu không làm việc vì tiền. Họ bắt tiền làm việc cho họ. Chấp nhận thất bại là bước đầu của thành công? Quyền lực của sự lựa chọn! Những bài học không có trong nhà trường. Hãy bắt đầu từ hôm nay “để không có tiền vẫn tạo ra tiền”', 'A5', 125, '13 x 20.5', '2017-08-22', 'Publish002', 'Tiếng Việt', 'Người giàu không làm việc vì tiền. Họ bắt tiền làm việc cho họ. Chấp nhận thất bại là bước đầu của thành công? Quyền lực của sự lựa chọn! Những bài học không có trong nhà trường. Hãy bắt đầu từ hôm nay “để không có tiền vẫn tạo ra tiền”', NULL, 43000, 43000, NULL, 63, 'docvibatkyai.jpg', 5),
('Book064', 'Khởi nghiệp ', 'Category003', 'Author008', 'Tinh thần kinh doanh và nỗ lực khởi nghiệp vừa là xu thế vừa là động lực quan trọng để phát triển kinh tế thế giới nói chung và Việt Nam nói riêng. Đi cùng với xu thế này, quản trị khởi nghiệp là một chủ đề mang tính thực tiễn và cả tính học thuật nhằm đáp ứng xu hướng phát triển khởi nghiệp của nhiều quốc gia trên thế giới trong đó có Việt Nam.', 'A5', 205, '13 x 20.5', '2019-08-22', 'Publish004', 'Tiếng Việt', 'Người giàu không làm việc vì tiền. Họ bắt tiền làm việc cho họ. Chấp nhận thất bại là bước đầu của thành công? Quyền lực của sự lựa chọn! Những bài học không có trong nhà trường. Hãy bắt đầu từ hôm nay “để không có tiền vẫn tạo ra tiền”', NULL, 361000, 361000, NULL, 100, 'khoinghiepkinhdoanh.jpg', 5),
('Book065', 'Bài tập tin học 7 ', 'Category004', 'Author007', 'Sách Tập Tin Học 7 - Cơ Bản Và Nâng Cao (Theo Chương Trình Giáo Dục Phổ Thông 2018) là tài liệu học tập thiết yếu, giúp các em luyện tập để ghi nhớ kiến thức, thuần thục các kĩ năng và học cách vận dụng điều đã học vào thực tế.', 'A5', 85, '24 x 17 x 0.4', '2022-02-22', 'Publish003', 'Tiếng Việt', 'Sách Tập Tin Học 7 - Cơ Bản Và Nâng Cao (Theo Chương Trình Giáo Dục Phổ Thông 2018) là tài liệu học tập thiết yếu, giúp các em luyện tập để ghi nhớ kiến thức, thuần thục các kĩ năng và học cách vận dụng điều đã học vào thực tế.', NULL, 30000, 30000, NULL, 80, 'baitaptinhoc.jpg', 5),
('Book066', 'Bứt phá vật lý ', 'Category004', 'Author006', 'Đề thi chọn lọc, cập nhật, bám sát định hướng ra đề minh họa của Bộ GD&ĐT', 'A5', 378, '19 x 26', '2019-04-22', 'Publish004', 'Tiếng Việt', 'Đề thi chọn lọc, cập nhật, bám sát định hướng ra đề minh họa của Bộ GD&ĐT', NULL, 176000, 176000, NULL, 80, 'bodevatly.jpg', 5),
('Book067', 'Tin học 5 ', 'Category004', 'Author005', 'Trước yêu cầu cập nhật những phần mềm, công cụ học tập hiện đại cho việc dạy và học môn Tin học cấp Tiểu học của học sinh Thành phố Hồ Chí Minh, Sở Giáo dục và Đào tạo Thành phố Hồ Chí Minh đã phối hợp với Nhà xuất bản Giáo dục Việt Nam tổ chức biên soạn bộ sách Luyện tập Tin học (cùng IC3 Spark).', 'A5', 60, '24 x 17 x 0.5', '2021-02-15', 'Publish003', 'Tiếng Việt', 'Trước yêu cầu cập nhật những phần mềm, công cụ học tập hiện đại cho việc dạy và học môn Tin học cấp Tiểu học của học sinh Thành phố Hồ Chí Minh, Sở Giáo dục và Đào tạo Thành phố Hồ Chí Minh đã phối hợp với Nhà xuất bản Giáo dục Việt Nam tổ chức biên soạn bộ sách Luyện tập Tin học (cùng IC3 Spark).', NULL, 26000, 26000, NULL, 100, 'Luyentaptinhoc.jpg', 5),
('Book068', 'Luyện thi Ngữ Văn', 'Category004', 'Author006', 'Nhằm giúp các em tự trang bị những kiến thức, kĩ năng quan trọng, đồng thời có định hướng đúng và có thể vận dụng tốt vào quá trình viết bài văn nghị luận văn học, hướng tới nâng cao chất lượng bài làm trong học tập, thi cử và hoàn thành tốt bài thi vào lớp 10, chúng tôi đã biên soạn cuốn sách Luyện thi vào lớp 10 môn Ngữ văn – Chuyên đề Nghị luận Văn học.', 'A5', 316, '26 x 19 x 1 ', '2021-06-18', 'Publish005', 'Tiếng Việt', 'Nhằm giúp các em tự trang bị những kiến thức, kĩ năng quan trọng, đồng thời có định hướng đúng và có thể vận dụng tốt vào quá trình viết bài văn nghị luận văn học, hướng tới nâng cao chất lượng bài làm trong học tập, thi cử và hoàn thành tốt bài thi vào lớp 10, chúng tôi đã biên soạn cuốn sách Luyện thi vào lớp 10 môn Ngữ văn – Chuyên đề Nghị luận Văn học.', NULL, 110000, 110000, NULL, 112, 'luyenthinguvan10.jpg', 5),
('Book069', 'Hóa học 9', 'Category004', 'Author005', 'Nhằm giúp các em tự trang bị những kiến thức, kĩ năng quan trọng, đồng thời có định hướng đúng và có thể vận dụng tốt vào quá trình viết bài văn nghị luận văn học, hướng tới nâng cao chất lượng bài làm trong học tập, thi cử và hoàn thành tốt bài thi vào lớp 10, chúng tôi đã biên soạn cuốn sách Luyện thi vào lớp 10 môn Ngữ văn – Chuyên đề Nghị luận Văn học.', 'A5', 216, '26 x 19 x 1 ', '2016-06-18', 'Publish004', 'Tiếng Việt', 'Nhằm giúp các em tự trang bị những kiến thức, kĩ năng quan trọng, đồng thời có định hướng đúng và có thể vận dụng tốt vào quá trình viết bài văn nghị luận văn học, hướng tới nâng cao chất lượng bài làm trong học tập, thi cử và hoàn thành tốt bài thi vào lớp 10, chúng tôi đã biên soạn cuốn sách Luyện thi vào lớp 10 môn Ngữ văn – Chuyên đề Nghị luận Văn học.', NULL, 47000, 47000, NULL, 143, 'TaiLieuHoaHoc.jpg', 5),
('Book070', 'Luyện Viết TA 4', 'Category004', 'Author006', 'Nhằm giúp các em tự trang bị những kiến thức, kĩ năng quan trọng, đồng thời có định hướng đúng và có thể vận dụng tốt vào quá trình viết bài văn nghị luận văn học, hướng tới nâng cao chất lượng bài làm trong học tập, thi cử và hoàn thành tốt bài thi vào lớp 10, chúng tôi đã biên soạn cuốn sách Luyện thi vào lớp 10 môn Ngữ văn – Chuyên đề Nghị luận Văn học.', 'A5', 116, '26 x 19 x 1 ', '2018-06-18', 'Publish003', 'Tiếng Việt', 'Nhằm giúp các em tự trang bị những kiến thức, kĩ năng quan trọng, đồng thời có định hướng đúng và có thể vận dụng tốt vào quá trình viết bài văn nghị luận văn học, hướng tới nâng cao chất lượng bài làm trong học tập, thi cử và hoàn thành tốt bài thi vào lớp 10, chúng tôi đã biên soạn cuốn sách Luyện thi vào lớp 10 môn Ngữ văn – Chuyên đề Nghị luận Văn học.', NULL, 24000, 24000, NULL, 43, 'tienganh4.jpg', 5),
('Book071', 'Tư duy triệu phú', 'Category003', 'Author008', 'Trong cuốn sách này T. Harv Eker sẽ tiết lộ những bí mật tại sao một số người lại đạt được những thành công vượt bậc, được số phận ban cho cuộc sống sung túc, giàu có, trong khi một số người khác phải chật vật, vất vả mới có một cuộc sống qua ngày. Bạn sẽ hiểu được nguồn gốc sự thật và những yếu tố quyết định thành công, thất bại để rồi áp dụng, thay đổi cách suy nghĩ, lên kế hoạch rồi tìm ra cách làm việc, đầu tư, sử dụng nguồn tài chính của bạn theo hướng hiệu quả nhất.', 'A5', 287, '20.5 x 14.5', '2021-10-22', 'Publish002', 'Tiếng Việt', 'T. Harv Eker sẽ tiết lộ những bí mật tại sao một số người lại đạt được những thành công vượt bậc, được số phận ban cho cuộc sống sung túc, giàu có, trong khi một số người khác phải chật vật, vất vả mới có một cuộc sống qua ngày. Bạn sẽ hiểu được nguồn gốc sự thật và những yếu tố quyết định thành công, thất bại để rồi áp dụng, thay đổi cách suy nghĩ, lên kế hoạch rồi tìm ra cách làm việc, đầu tư, sử dụng nguồn tài chính của bạn theo hướng hiệu quả nhất.', NULL, 91000, 91000, NULL, 50, 'bimattuduytrieuphu.jpg', 5),
('Book072', 'Xây dựng con người', 'Category003', 'Author008', 'Trong cuốn sách này T. Harv Eker sẽ tiết lộ những bí mật tại sao một số người lại đạt được những thành công vượt bậc, được số phận ban cho cuộc sống sung túc, giàu có, trong khi một số người khác phải chật vật, vất vả mới có một cuộc sống qua ngày. Bạn sẽ hiểu được nguồn gốc sự thật và những yếu tố quyết định thành công, thất bại để rồi áp dụng, thay đổi cách suy nghĩ, lên kế hoạch rồi tìm ra cách làm việc, đầu tư, sử dụng nguồn tài chính của bạn theo hướng hiệu quả nhất.', 'A5', 207, '20.5 x 14.5', '2021-10-22', 'Publish003', 'Tiếng Việt', 'T. Harv Eker sẽ tiết lộ những bí mật tại sao một số người lại đạt được những thành công vượt bậc, được số phận ban cho cuộc sống sung túc, giàu có, trong khi một số người khác phải chật vật, vất vả mới có một cuộc sống qua ngày. Bạn sẽ hiểu được nguồn gốc sự thật và những yếu tố quyết định thành công, thất bại để rồi áp dụng, thay đổi cách suy nghĩ, lên kế hoạch rồi tìm ra cách làm việc, đầu tư, sử dụng nguồn tài chính của bạn theo hướng hiệu quả nhất.', NULL, 172000, 172000, NULL, 65, 'cachnetflixxaydungconnguoi.jpg', 5),
('Book073', 'Chiến Tranh Tiền Tệ', 'Category003', 'Author008', 'Một khi đọc “Chiến tranh tiền tệ - Ai thật sự là người giàu nhất thế giới” bạn sẽ phải giật mình nhận ra một điều kinh khủng rằng, đằng sau những tờ giấy bạc chúng ta chi tiêu hàng ngày là cả một thế lực ngầm đáng sợ - một thế lực bí ẩn với quyền lực siêu nhiên có thể điều khiển cả thế giới rộng lớn này.', 'A5', 532, '20.5 x 14.5', '2011-10-22', 'Publish004', 'Tiếng Việt', 'Một khi đọc “Chiến tranh tiền tệ - Ai thật sự là người giàu nhất thế giới” bạn sẽ phải giật mình nhận ra một điều kinh khủng rằng, đằng sau những tờ giấy bạc chúng ta chi tiêu hàng ngày là cả một thế lực ngầm đáng sợ - một thế lực bí ẩn với quyền lực siêu nhiên có thể điều khiển cả thế giới rộng lớn này.', NULL, 107000, 107000, NULL, 44, 'chientranhtiente1.jpg', 5),
('Book074', 'Dạy con làm giàu', 'Category003', 'Author008', 'Người giàu không làm việc vì tiền. Họ bắt tiền làm việc cho họ. Chấp nhận thất bại là bước đầu của thành công? Quyền lực của sự lựa chọn! Những bài học không có trong nhà trường. Hãy bắt đầu từ hôm nay “để không có tiền vẫn tạo ra tiền”', 'A5', 195, '13 x 20.5', '2018-08-22', 'Publish004', 'Tiếng Việt', 'Người giàu không làm việc vì tiền. Họ bắt tiền làm việc cho họ. Chấp nhận thất bại là bước đầu của thành công? Quyền lực của sự lựa chọn! Những bài học không có trong nhà trường. Hãy bắt đầu từ hôm nay “để không có tiền vẫn tạo ra tiền”', NULL, 107000, 107000, NULL, 44, 'DayConlamgiautap1.jpg', 5),
('Book075', 'Đọc Vị Bất Kì Ai', 'Category003', 'Author008', 'Người giàu không làm việc vì tiền. Họ bắt tiền làm việc cho họ. Chấp nhận thất bại là bước đầu của thành công? Quyền lực của sự lựa chọn! Những bài học không có trong nhà trường. Hãy bắt đầu từ hôm nay “để không có tiền vẫn tạo ra tiền”', 'A5', 125, '13 x 20.5', '2017-08-22', 'Publish002', 'Tiếng Việt', 'Người giàu không làm việc vì tiền. Họ bắt tiền làm việc cho họ. Chấp nhận thất bại là bước đầu của thành công? Quyền lực của sự lựa chọn! Những bài học không có trong nhà trường. Hãy bắt đầu từ hôm nay “để không có tiền vẫn tạo ra tiền”', NULL, 43000, 43000, NULL, 63, 'docvibatkyai.jpg', 5),
('Book076', 'Khởi nghiệp ', 'Category003', 'Author008', 'Tinh thần kinh doanh và nỗ lực khởi nghiệp vừa là xu thế vừa là động lực quan trọng để phát triển kinh tế thế giới nói chung và Việt Nam nói riêng. Đi cùng với xu thế này, quản trị khởi nghiệp là một chủ đề mang tính thực tiễn và cả tính học thuật nhằm đáp ứng xu hướng phát triển khởi nghiệp của nhiều quốc gia trên thế giới trong đó có Việt Nam.', 'A5', 205, '13 x 20.5', '2019-08-22', 'Publish004', 'Tiếng Việt', 'Người giàu không làm việc vì tiền. Họ bắt tiền làm việc cho họ. Chấp nhận thất bại là bước đầu của thành công? Quyền lực của sự lựa chọn! Những bài học không có trong nhà trường. Hãy bắt đầu từ hôm nay “để không có tiền vẫn tạo ra tiền”', NULL, 361000, 361000, NULL, 100, 'khoinghiepkinhdoanh.jpg', 5),
('Book077', 'Bài tập tin học 7 ', 'Category004', 'Author007', 'Sách Tập Tin Học 7 - Cơ Bản Và Nâng Cao (Theo Chương Trình Giáo Dục Phổ Thông 2018) là tài liệu học tập thiết yếu, giúp các em luyện tập để ghi nhớ kiến thức, thuần thục các kĩ năng và học cách vận dụng điều đã học vào thực tế.', 'A5', 85, '24 x 17 x 0.4', '2022-02-22', 'Publish003', 'Tiếng Việt', 'Sách Tập Tin Học 7 - Cơ Bản Và Nâng Cao (Theo Chương Trình Giáo Dục Phổ Thông 2018) là tài liệu học tập thiết yếu, giúp các em luyện tập để ghi nhớ kiến thức, thuần thục các kĩ năng và học cách vận dụng điều đã học vào thực tế.', NULL, 30000, 30000, NULL, 80, 'baitaptinhoc.jpg', 5),
('Book078', 'Bứt phá vật lý ', 'Category004', 'Author006', 'Đề thi chọn lọc, cập nhật, bám sát định hướng ra đề minh họa của Bộ GD&ĐT', 'A5', 378, '19 x 26', '2019-04-22', 'Publish004', 'Tiếng Việt', 'Đề thi chọn lọc, cập nhật, bám sát định hướng ra đề minh họa của Bộ GD&ĐT', NULL, 176000, 176000, NULL, 80, 'bodevatly.jpg', 5),
('Book079', 'Tin học 5 ', 'Category004', 'Author005', 'Trước yêu cầu cập nhật những phần mềm, công cụ học tập hiện đại cho việc dạy và học môn Tin học cấp Tiểu học của học sinh Thành phố Hồ Chí Minh, Sở Giáo dục và Đào tạo Thành phố Hồ Chí Minh đã phối hợp với Nhà xuất bản Giáo dục Việt Nam tổ chức biên soạn bộ sách Luyện tập Tin học (cùng IC3 Spark).', 'A5', 60, '24 x 17 x 0.5', '2021-02-15', 'Publish003', 'Tiếng Việt', 'Trước yêu cầu cập nhật những phần mềm, công cụ học tập hiện đại cho việc dạy và học môn Tin học cấp Tiểu học của học sinh Thành phố Hồ Chí Minh, Sở Giáo dục và Đào tạo Thành phố Hồ Chí Minh đã phối hợp với Nhà xuất bản Giáo dục Việt Nam tổ chức biên soạn bộ sách Luyện tập Tin học (cùng IC3 Spark).', NULL, 26000, 26000, NULL, 100, 'Luyentaptinhoc.jpg', 5),
('Book080', 'Luyện thi Ngữ Văn', 'Category004', 'Author006', 'Nhằm giúp các em tự trang bị những kiến thức, kĩ năng quan trọng, đồng thời có định hướng đúng và có thể vận dụng tốt vào quá trình viết bài văn nghị luận văn học, hướng tới nâng cao chất lượng bài làm trong học tập, thi cử và hoàn thành tốt bài thi vào lớp 10, chúng tôi đã biên soạn cuốn sách Luyện thi vào lớp 10 môn Ngữ văn – Chuyên đề Nghị luận Văn học.', 'A5', 316, '26 x 19 x 1 ', '2021-06-18', 'Publish005', 'Tiếng Việt', 'Nhằm giúp các em tự trang bị những kiến thức, kĩ năng quan trọng, đồng thời có định hướng đúng và có thể vận dụng tốt vào quá trình viết bài văn nghị luận văn học, hướng tới nâng cao chất lượng bài làm trong học tập, thi cử và hoàn thành tốt bài thi vào lớp 10, chúng tôi đã biên soạn cuốn sách Luyện thi vào lớp 10 môn Ngữ văn – Chuyên đề Nghị luận Văn học.', NULL, 110000, 110000, NULL, 112, 'luyenthinguvan10.jpg', 5),
('Book081', 'Hóa học 9', 'Category004', 'Author005', 'Nhằm giúp các em tự trang bị những kiến thức, kĩ năng quan trọng, đồng thời có định hướng đúng và có thể vận dụng tốt vào quá trình viết bài văn nghị luận văn học, hướng tới nâng cao chất lượng bài làm trong học tập, thi cử và hoàn thành tốt bài thi vào lớp 10, chúng tôi đã biên soạn cuốn sách Luyện thi vào lớp 10 môn Ngữ văn – Chuyên đề Nghị luận Văn học.', 'A5', 216, '26 x 19 x 1 ', '2016-06-18', 'Publish004', 'Tiếng Việt', 'Nhằm giúp các em tự trang bị những kiến thức, kĩ năng quan trọng, đồng thời có định hướng đúng và có thể vận dụng tốt vào quá trình viết bài văn nghị luận văn học, hướng tới nâng cao chất lượng bài làm trong học tập, thi cử và hoàn thành tốt bài thi vào lớp 10, chúng tôi đã biên soạn cuốn sách Luyện thi vào lớp 10 môn Ngữ văn – Chuyên đề Nghị luận Văn học.', NULL, 47000, 47000, NULL, 143, 'TaiLieuHoaHoc.jpg', 5),
('Book082', 'Luyện Viết TA 4', 'Category004', 'Author006', 'Nhằm giúp các em tự trang bị những kiến thức, kĩ năng quan trọng, đồng thời có định hướng đúng và có thể vận dụng tốt vào quá trình viết bài văn nghị luận văn học, hướng tới nâng cao chất lượng bài làm trong học tập, thi cử và hoàn thành tốt bài thi vào lớp 10, chúng tôi đã biên soạn cuốn sách Luyện thi vào lớp 10 môn Ngữ văn – Chuyên đề Nghị luận Văn học.', 'A5', 116, '26 x 19 x 1 ', '2018-06-18', 'Publish003', 'Tiếng Việt', 'Nhằm giúp các em tự trang bị những kiến thức, kĩ năng quan trọng, đồng thời có định hướng đúng và có thể vận dụng tốt vào quá trình viết bài văn nghị luận văn học, hướng tới nâng cao chất lượng bài làm trong học tập, thi cử và hoàn thành tốt bài thi vào lớp 10, chúng tôi đã biên soạn cuốn sách Luyện thi vào lớp 10 môn Ngữ văn – Chuyên đề Nghị luận Văn học.', NULL, 24000, 24000, NULL, 43, 'tienganh4.jpg', 5),
('Book100', 'Shin bút chì 3', 'Category007', 'Author002', 'Conan và các bạn được mời tới biệt thự của ảo thuật gia lừng danh Mr.Masakage. Hôm đó cũng đúng vừa tròn 10 năm kể từ khi Mr.Masakage đột nhiên biến mất. Tình cờ nhóm Conan lại phát hiện ra thi thể một trong các đồ đệ của Masakage. Cậu thám tử trung học của miền Tây Hattori Heiji cũng góp sức hết mình phá án!!', 'A5', 192, '11.3 x 17.6', '2019-03-20', 'Publish001', 'Tiếng Việt', 'Conan và các bạn được mời tới biệt thự của ảo thuật gia lừng danh Mr.Masakage. Hôm đó cũng đúng vừa tròn 10 năm kể từ khi Mr.Masakage đột nhiên biến mất. Tình cờ nhóm Conan lại phát hiện ra thi thể một trong các đồ đệ của Masakage. Cậu thám tử trung học của miền Tây Hattori Heiji cũng góp sức hết mình phá án!!', NULL, 20000, 20000, NULL, 100, 'shin3.jpg', 5),
('Book101', 'Shin bút chì 27', 'Category007', 'Author002', 'Conan và các bạn được mời tới biệt thự của ảo thuật gia lừng danh Mr.Masakage. Hôm đó cũng đúng vừa tròn 10 năm kể từ khi Mr.Masakage đột nhiên biến mất. Tình cờ nhóm Conan lại phát hiện ra thi thể một trong các đồ đệ của Masakage. Cậu thám tử trung học của miền Tây Hattori Heiji cũng góp sức hết mình phá án!!', 'A5', 192, '11.3 x 17.6', '2019-03-20', 'Publish001', 'Tiếng Việt', 'Conan và các bạn được mời tới biệt thự của ảo thuật gia lừng danh Mr.Masakage. Hôm đó cũng đúng vừa tròn 10 năm kể từ khi Mr.Masakage đột nhiên biến mất. Tình cờ nhóm Conan lại phát hiện ra thi thể một trong các đồ đệ của Masakage. Cậu thám tử trung học của miền Tây Hattori Heiji cũng góp sức hết mình phá án!!', NULL, 20000, 20000, NULL, 100, 'shin27.jpg', 5),
('Book102', 'Shin bút chì 44', 'Category007', 'Author002', 'Conan và các bạn được mời tới biệt thự của ảo thuật gia lừng danh Mr.Masakage. Hôm đó cũng đúng vừa tròn 10 năm kể từ khi Mr.Masakage đột nhiên biến mất. Tình cờ nhóm Conan lại phát hiện ra thi thể một trong các đồ đệ của Masakage. Cậu thám tử trung học của miền Tây Hattori Heiji cũng góp sức hết mình phá án!!', 'A5', 192, '11.3 x 17.6', '2019-03-20', 'Publish001', 'Tiếng Việt', 'Conan và các bạn được mời tới biệt thự của ảo thuật gia lừng danh Mr.Masakage. Hôm đó cũng đúng vừa tròn 10 năm kể từ khi Mr.Masakage đột nhiên biến mất. Tình cờ nhóm Conan lại phát hiện ra thi thể một trong các đồ đệ của Masakage. Cậu thám tử trung học của miền Tây Hattori Heiji cũng góp sức hết mình phá án!!', NULL, 20000, 20000, NULL, 100, 'shin44.jpg', 5),
('Book103', 'Shin bút chì 50', 'Category007', 'Author002', 'Conan và các bạn được mời tới biệt thự của ảo thuật gia lừng danh Mr.Masakage. Hôm đó cũng đúng vừa tròn 10 năm kể từ khi Mr.Masakage đột nhiên biến mất. Tình cờ nhóm Conan lại phát hiện ra thi thể một trong các đồ đệ của Masakage. Cậu thám tử trung học của miền Tây Hattori Heiji cũng góp sức hết mình phá án!!', 'A5', 192, '11.3 x 17.6', '2019-03-20', 'Publish001', 'Tiếng Việt', 'Conan và các bạn được mời tới biệt thự của ảo thuật gia lừng danh Mr.Masakage. Hôm đó cũng đúng vừa tròn 10 năm kể từ khi Mr.Masakage đột nhiên biến mất. Tình cờ nhóm Conan lại phát hiện ra thi thể một trong các đồ đệ của Masakage. Cậu thám tử trung học của miền Tây Hattori Heiji cũng góp sức hết mình phá án!!', NULL, 20000, 20000, NULL, 100, 'shin50.jpg', 5),
('Book104', 'Bạn chỉ sống 1 lần', 'Category006', 'Author001', 'Cuốn sách chính là tập hợp những câu chuyện, câu nói hay về cuộc sống. Những dòng triết lý ngắn gọn, nội dung hướng bạn đọc đến những suy nghĩ tích cực hơn về nhiều khía cạnh trong cuộc sống. Bạn chỉ sống có một lần chính là sự lựa chọn tốt nhất dành cho những bạn trẻ đang tìm kiếm đáp án hoàn mỹ về hạnh phúc của bản thân.', 'A5', 192, '11.3 x 17.6', '2019-03-20', 'Publish001', 'Tiếng Việt', 'Cuốn sách chính là tập hợp những câu chuyện, câu nói hay về cuộc sống. Những dòng triết lý ngắn gọn, nội dung hướng bạn đọc đến những suy nghĩ tích cực hơn về nhiều khía cạnh trong cuộc sống. Bạn chỉ sống có một lần chính là sự lựa chọn tốt nhất dành cho những bạn trẻ đang tìm kiếm đáp án hoàn mỹ về hạnh phúc của bản thân.', NULL, 55000, 55000, NULL, 100, 'banchisongco1lan.jpg', 5),
('Book105', 'Chủ nghĩa khắc kỷ', 'Category006', 'Author003', 'Cuốn sách chính là tập hợp những câu chuyện, câu nói hay về cuộc sống. Những dòng triết lý ngắn gọn, nội dung hướng bạn đọc đến những suy nghĩ tích cực hơn về nhiều khía cạnh trong cuộc sống. Bạn chỉ sống có một lần chính là sự lựa chọn tốt nhất dành cho những bạn trẻ đang tìm kiếm đáp án hoàn mỹ về hạnh phúc của bản thân.', 'A5', 192, '11.3 x 17.6', '2019-03-20', 'Publish001', 'Tiếng Việt', 'Cuốn sách chính là tập hợp những câu chuyện, câu nói hay về cuộc sống. Những dòng triết lý ngắn gọn, nội dung hướng bạn đọc đến những suy nghĩ tích cực hơn về nhiều khía cạnh trong cuộc sống. Bạn chỉ sống có một lần chính là sự lựa chọn tốt nhất dành cho những bạn trẻ đang tìm kiếm đáp án hoàn mỹ về hạnh phúc của bản thân.', NULL, 55000, 55000, NULL, 100, 'chunghiakhacky.jpg', 5),
('Book106', 'Đắc nhân tâm', 'Category006', 'Author003', 'Cuốn sách chính là tập hợp những câu chuyện, câu nói hay về cuộc sống. Những dòng triết lý ngắn gọn, nội dung hướng bạn đọc đến những suy nghĩ tích cực hơn về nhiều khía cạnh trong cuộc sống. Bạn chỉ sống có một lần chính là sự lựa chọn tốt nhất dành cho những bạn trẻ đang tìm kiếm đáp án hoàn mỹ về hạnh phúc của bản thân.', 'A5', 192, '11.3 x 17.6', '2019-03-20', 'Publish001', 'Tiếng Việt', 'Cuốn sách chính là tập hợp những câu chuyện, câu nói hay về cuộc sống. Những dòng triết lý ngắn gọn, nội dung hướng bạn đọc đến những suy nghĩ tích cực hơn về nhiều khía cạnh trong cuộc sống. Bạn chỉ sống có một lần chính là sự lựa chọn tốt nhất dành cho những bạn trẻ đang tìm kiếm đáp án hoàn mỹ về hạnh phúc của bản thân.', NULL, 55000, 55000, NULL, 100, 'dacnhantam.jpg', 5),
('Book107', 'Trồng hạnh phúc', 'Category006', 'Author007', 'Cuốn sách chính là tập hợp những câu chuyện, câu nói hay về cuộc sống. Những dòng triết lý ngắn gọn, nội dung hướng bạn đọc đến những suy nghĩ tích cực hơn về nhiều khía cạnh trong cuộc sống. Bạn chỉ sống có một lần chính là sự lựa chọn tốt nhất dành cho những bạn trẻ đang tìm kiếm đáp án hoàn mỹ về hạnh phúc của bản thân.', 'A5', 192, '11.3 x 17.6', '2019-03-20', 'Publish001', 'Tiếng Việt', 'Cuốn sách chính là tập hợp những câu chuyện, câu nói hay về cuộc sống. Những dòng triết lý ngắn gọn, nội dung hướng bạn đọc đến những suy nghĩ tích cực hơn về nhiều khía cạnh trong cuộc sống. Bạn chỉ sống có một lần chính là sự lựa chọn tốt nhất dành cho những bạn trẻ đang tìm kiếm đáp án hoàn mỹ về hạnh phúc của bản thân.', NULL, 55000, 55000, NULL, 100, 'gieotronghanhphuc.jpg', 5),
('Book108', 'Kỷ luật tự giác', 'Category006', 'Author009', 'Cuốn sách chính là tập hợp những câu chuyện, câu nói hay về cuộc sống. Những dòng triết lý ngắn gọn, nội dung hướng bạn đọc đến những suy nghĩ tích cực hơn về nhiều khía cạnh trong cuộc sống. Bạn chỉ sống có một lần chính là sự lựa chọn tốt nhất dành cho những bạn trẻ đang tìm kiếm đáp án hoàn mỹ về hạnh phúc của bản thân.', 'A5', 192, '11.3 x 17.6', '2022-09-16', 'Publish001', 'Tiếng Việt', 'Cuốn sách chính là tập hợp những câu chuyện, câu nói hay về cuộc sống. Những dòng triết lý ngắn gọn, nội dung hướng bạn đọc đến những suy nghĩ tích cực hơn về nhiều khía cạnh trong cuộc sống. Bạn chỉ sống có một lần chính là sự lựa chọn tốt nhất dành cho những bạn trẻ đang tìm kiếm đáp án hoàn mỹ về hạnh phúc của bản thân.', NULL, 55000, 55000, NULL, 100, 'kyluattugiac.jpg', 5),
('Book109', 'Nghiệp tình yêu', 'Category006', 'Author008', 'Cuốn sách chính là tập hợp những câu chuyện, câu nói hay về cuộc sống. Những dòng triết lý ngắn gọn, nội dung hướng bạn đọc đến những suy nghĩ tích cực hơn về nhiều khía cạnh trong cuộc sống. Bạn chỉ sống có một lần chính là sự lựa chọn tốt nhất dành cho những bạn trẻ đang tìm kiếm đáp án hoàn mỹ về hạnh phúc của bản thân.', 'A5', 192, '11.3 x 17.6', '2019-03-20', 'Publish001', 'Tiếng Việt', 'Cuốn sách chính là tập hợp những câu chuyện, câu nói hay về cuộc sống. Những dòng triết lý ngắn gọn, nội dung hướng bạn đọc đến những suy nghĩ tích cực hơn về nhiều khía cạnh trong cuộc sống. Bạn chỉ sống có một lần chính là sự lựa chọn tốt nhất dành cho những bạn trẻ đang tìm kiếm đáp án hoàn mỹ về hạnh phúc của bản thân.', NULL, 55000, 55000, NULL, 100, 'nghieptinhyeu.jpg', 5),
('Book110', 'Người nam châm', 'Category006', 'Author008', 'Cuốn sách chính là tập hợp những câu chuyện, câu nói hay về cuộc sống. Những dòng triết lý ngắn gọn, nội dung hướng bạn đọc đến những suy nghĩ tích cực hơn về nhiều khía cạnh trong cuộc sống. Bạn chỉ sống có một lần chính là sự lựa chọn tốt nhất dành cho những bạn trẻ đang tìm kiếm đáp án hoàn mỹ về hạnh phúc của bản thân.', 'A5', 192, '11.3 x 17.6', '2019-03-20', 'Publish001', 'Tiếng Việt', 'Cuốn sách chính là tập hợp những câu chuyện, câu nói hay về cuộc sống. Những dòng triết lý ngắn gọn, nội dung hướng bạn đọc đến những suy nghĩ tích cực hơn về nhiều khía cạnh trong cuộc sống. Bạn chỉ sống có một lần chính là sự lựa chọn tốt nhất dành cho những bạn trẻ đang tìm kiếm đáp án hoàn mỹ về hạnh phúc của bản thân.', NULL, 55000, 55000, NULL, 100, 'nguoinamcham.jpg', 5),
('Book111', 'Sức mạnh tiềm thức', 'Category006', 'Author005', 'Cuốn sách chính là tập hợp những câu chuyện, câu nói hay về cuộc sống. Những dòng triết lý ngắn gọn, nội dung hướng bạn đọc đến những suy nghĩ tích cực hơn về nhiều khía cạnh trong cuộc sống. Bạn chỉ sống có một lần chính là sự lựa chọn tốt nhất dành cho những bạn trẻ đang tìm kiếm đáp án hoàn mỹ về hạnh phúc của bản thân.', 'A5', 192, '11.3 x 17.6', '2019-03-20', 'Publish001', 'Tiếng Việt', 'Cuốn sách chính là tập hợp những câu chuyện, câu nói hay về cuộc sống. Những dòng triết lý ngắn gọn, nội dung hướng bạn đọc đến những suy nghĩ tích cực hơn về nhiều khía cạnh trong cuộc sống. Bạn chỉ sống có một lần chính là sự lựa chọn tốt nhất dành cho những bạn trẻ đang tìm kiếm đáp án hoàn mỹ về hạnh phúc của bản thân.', NULL, 129000, 129000, NULL, 100, 'sucmanhtiemthuc.jpg', 5),
('Book112', 'Tâm lý học tính cách', 'Category006', 'Author004', 'Cuốn sách chính là tập hợp những câu chuyện, câu nói hay về cuộc sống. Những dòng triết lý ngắn gọn, nội dung hướng bạn đọc đến những suy nghĩ tích cực hơn về nhiều khía cạnh trong cuộc sống. Bạn chỉ sống có một lần chính là sự lựa chọn tốt nhất dành cho những bạn trẻ đang tìm kiếm đáp án hoàn mỹ về hạnh phúc của bản thân.', 'A5', 192, '11.3 x 17.6', '2019-03-20', 'Publish001', 'Tiếng Việt', 'Cuốn sách chính là tập hợp những câu chuyện, câu nói hay về cuộc sống. Những dòng triết lý ngắn gọn, nội dung hướng bạn đọc đến những suy nghĩ tích cực hơn về nhiều khía cạnh trong cuộc sống. Bạn chỉ sống có một lần chính là sự lựa chọn tốt nhất dành cho những bạn trẻ đang tìm kiếm đáp án hoàn mỹ về hạnh phúc của bản thân.', NULL, 129000, 129000, NULL, 100, 'tamlyhoctinhcach.jpg', 5),
('Book113', 'Thay đổi cuộc sống', 'Category006', 'Author004', 'Cuốn sách chính là tập hợp những câu chuyện, câu nói hay về cuộc sống. Những dòng triết lý ngắn gọn, nội dung hướng bạn đọc đến những suy nghĩ tích cực hơn về nhiều khía cạnh trong cuộc sống. Bạn chỉ sống có một lần chính là sự lựa chọn tốt nhất dành cho những bạn trẻ đang tìm kiếm đáp án hoàn mỹ về hạnh phúc của bản thân.', 'A5', 192, '11.3 x 17.6', '2019-03-20', 'Publish001', 'Tiếng Việt', 'Cuốn sách chính là tập hợp những câu chuyện, câu nói hay về cuộc sống. Những dòng triết lý ngắn gọn, nội dung hướng bạn đọc đến những suy nghĩ tích cực hơn về nhiều khía cạnh trong cuộc sống. Bạn chỉ sống có một lần chính là sự lựa chọn tốt nhất dành cho những bạn trẻ đang tìm kiếm đáp án hoàn mỹ về hạnh phúc của bản thân.', NULL, 129000, 129000, NULL, 100, 'thaydoicuocsongvoinhansohoc.jpg', 5),
('Book114', 'Tư duy phản biện', 'Category006', 'Author004', 'Cuốn sách chính là tập hợp những câu chuyện, câu nói hay về cuộc sống. Những dòng triết lý ngắn gọn, nội dung hướng bạn đọc đến những suy nghĩ tích cực hơn về nhiều khía cạnh trong cuộc sống. Bạn chỉ sống có một lần chính là sự lựa chọn tốt nhất dành cho những bạn trẻ đang tìm kiếm đáp án hoàn mỹ về hạnh phúc của bản thân.', 'A5', 192, '11.3 x 17.6', '2019-03-20', 'Publish001', 'Tiếng Việt', 'Cuốn sách chính là tập hợp những câu chuyện, câu ni hay về cuộc sống. Những dòng triết lý ngắn gọn, nội dung hướng bạn đọc đến những suy nghĩ tích cực hơn về nhiều khía cạnh trong cuộc sống. Bạn chỉ sống có một lần chính là sự lựa chọn tốt nhất dành cho những bạn trẻ đang tìm kiếm đáp án hoàn mỹ về hạnh phúc của bản thân.', NULL, 129000, 129000, NULL, 100, 'tuduyphanbien.jpg', 5),
('Book115', 'Tuổi trẻ đáng giá', 'Category006', 'Author004', 'Cuốn sách chính là tập hợp những câu chuyện, câu nói hay về cuộc sống. Những dòng triết lý ngắn gọn, nội dung hướng bạn đọc đến những suy nghĩ tích cực hơn về nhiều khía cạnh trong cuộc sống. Bạn chỉ sống có một lần chính là sự lựa chọn tốt nhất dành cho những bạn trẻ đang tìm kiếm đáp án hoàn mỹ về hạnh phúc của bản thân.', 'A5', 192, '11.3 x 17.6', '2019-03-20', 'Publish001', 'Tiếng Việt', 'Cuốn sách chính là tập hợp những câu chuyện, câu nói hay về cuộc sống. Những dòng triết lý ngắn gọn, nội dung hướng bạn đọc đến những suy nghĩ tích cực hơn về nhiều khía cạnh trong cuộc sống. Bạn chỉ sống có một lần chính là sự lựa chọn tốt nhất dành cho những bạn trẻ đang tìm kiếm đáp án hoàn mỹ về hạnh phúc của bản thân.', NULL, 82000, 82000, NULL, 100, 'tuoitredanggiabaonhieu.jpg', 5),
('Book116', 'Conan tập 14', 'Category007', 'Author004', 'Conan và các bạn được mời tới biệt thự của ảo thuật gia lừng danh Mr.Masakage. Hôm đó cũng đúng vừa tròn 10 năm kể từ khi Mr.Masakage đột nhiên biến mất. Tình cờ nhóm Conan lại phát hiện ra thi thể một trong các đồ đệ của Masakage. Cậu thám tử trung học của miền Tây Hattori Heiji cũng góp sức hết mình phá án!!', 'A5', 192, '11.3 x 17.6', '2019-03-20', 'Publish001', 'Tiếng Việt', 'Conan và các bạn được mời tới biệt thự của ảo thuật gia lừng danh Mr.Masakage. Hôm đó cũng đúng vừa tròn 10 năm kể từ khi Mr.Masakage đột nhiên biến mất. Tình cờ nhóm Conan lại phát hiện ra thi thể một trong các đồ đệ của Masakage. Cậu thám tử trung học của miền Tây Hattori Heiji cũng góp sức hết mình phá án!!', NULL, 20000, 20000, NULL, 100, 'conan14.jpg', 5),
('Book117', 'Conan tập 23', 'Category007', 'Author004', 'Conan và các bạn được mời tới biệt thự của ảo thuật gia lừng danh Mr.Masakage. Hôm đó cũng đúng vừa tròn 10 năm kể từ khi Mr.Masakage đột nhiên biến mất. Tình cờ nhóm Conan lại phát hiện ra thi thể một trong các đồ đệ của Masakage. Cậu thám tử trung học của miền Tây Hattori Heiji cũng góp sức hết mình phá án!!', 'A5', 192, '11.3 x 17.6', '2019-03-20', 'Publish001', 'Tiếng Việt', 'Conan và các bạn được mời tới biệt thự của ảo thuật gia lừng danh Mr.Masakage. Hôm đó cũng đúng vừa tròn 10 năm kể từ khi Mr.Masakage đột nhiên biến mất. Tình cờ nhóm Conan lại phát hiện ra thi thể một trong các đồ đệ của Masakage. Cậu thám tử trung học của miền Tây Hattori Heiji cũng góp sức hết mình phá án!!', NULL, 20000, 20000, NULL, 100, 'conan23.jpg', 5),
('Book118', 'Conan tập 36', 'Category007', 'Author004', 'Conan và các bạn được mời tới biệt thự của ảo thuật gia lừng danh Mr.Masakage. Hôm đó cũng đúng vừa tròn 10 năm kể từ khi Mr.Masakage đột nhiên biến mất. Tình cờ nhóm Conan lại phát hiện ra thi thể một trong các đồ đệ của Masakage. Cậu thám tử trung học của miền Tây Hattori Heiji cũng góp sức hết mình phá án!!', 'A5', 192, '11.3 x 17.6', '2020-03-20', 'Publish001', 'Tiếng Việt', 'Conan và các bạn được mời tới biệt thự của ảo thuật gia lừng danh Mr.Masakage. Hôm đó cũng đúng vừa tròn 10 năm kể từ khi Mr.Masakage đột nhiên biến mất. Tình cờ nhóm Conan lại phát hiện ra thi thể một trong các đồ đệ của Masakage. Cậu thám tử trung học của miền Tây Hattori Heiji cũng góp sức hết mình phá án!!', NULL, 20000, 20000, NULL, 100, 'conan36.jpg', 5),
('Book119', 'Conan tập 42', 'Category007', 'Author004', 'Conan và các bạn được mời tới biệt thự của ảo thuật gia lừng danh Mr.Masakage. Hôm đó cũng đúng vừa tròn 10 năm kể từ khi Mr.Masakage đột nhiên biến mất. Tình cờ nhóm Conan lại phát hiện ra thi thể một trong các đồ đệ của Masakage. Cậu thám tử trung học của miền Tây Hattori Heiji cũng góp sức hết mình phá án!!', 'A5', 192, '11.3 x 17.6', '2019-03-20', 'Publish001', 'Tiếng Việt', 'Conan và các bạn được mời tới biệt thự của ảo thuật gia lừng danh Mr.Masakage. Hôm đó cũng đúng vừa tròn 10 năm kể từ khi Mr.Masakage đột nhiên biến mất. Tình cờ nhóm Conan lại phát hiện ra thi thể một trong các đồ đệ của Masakage. Cậu thám tử trung học của miền Tây Hattori Heiji cũng góp sức hết mình phá án!!', NULL, 20000, 20000, NULL, 100, 'conan42.jpg', 5),
('Book120', 'Conan tập 50', 'Category007', 'Author004', 'Conan và các bạn được mời tới biệt thự của ảo thuật gia lừng danh Mr.Masakage. Hôm đó cũng đúng vừa tròn 10 năm kể từ khi Mr.Masakage đột nhiên biến mất. Tình cờ nhóm Conan lại phát hiện ra thi thể một trong các đồ đệ của Masakage. Cậu thám tử trung học của miền Tây Hattori Heiji cũng góp sức hết mình phá án!!', 'A5', 192, '11.3 x 17.6', '2019-03-20', 'Publish001', 'Tiếng Việt', 'Conan và các bạn được mời tới biệt thự của ảo thuật gia lừng danh Mr.Masakage. Hôm đó cũng đúng vừa tròn 10 năm kể từ khi Mr.Masakage đột nhiên biến mất. Tình cờ nhóm Conan lại phát hiện ra thi thể một trong các đồ đệ của Masakage. Cậu thám tử trung học của miền Tây Hattori Heiji cũng góp sức hết mình phá án!!', NULL, 20000, 20000, NULL, 100, 'conan50.jpg', 5),
('Book121', 'Conan tập 60', 'Category007', 'Author004', 'Conan và các bạn được mời tới biệt thự của ảo thuật gia lừng danh Mr.Masakage. Hôm đó cũng đúng vừa tròn 10 năm kể từ khi Mr.Masakage đột nhiên biến mất. Tình cờ nhóm Conan lại phát hiện ra thi thể một trong các đồ đệ của Masakage. Cậu thám tử trung học của miền Tây Hattori Heiji cũng góp sức hết mình phá án!!', 'A5', 192, '11.3 x 17.6', '2019-03-20', 'Publish001', 'Tiếng Việt', 'Conan và các bạn được mời tới biệt thự của ảo thuật gia lừng danh Mr.Masakage. Hôm đó cũng đúng vừa tròn 10 năm kể từ khi Mr.Masakage đột nhiên biến mất. Tình cờ nhóm Conan lại phát hiện ra thi thể một trong các đồ đệ của Masakage. Cậu thám tử trung học của miền Tây Hattori Heiji cũng góp sức hết mình phá án!!', NULL, 20000, 20000, NULL, 100, 'conan60.jpg', 5),
('Book122', 'Conan tập 85', 'Category007', 'Author004', 'Conan và các bạn được mời tới biệt thự của ảo thuật gia lừng danh Mr.Masakage. Hôm đó cũng đúng vừa tròn 10 năm kể từ khi Mr.Masakage đột nhiên biến mất. Tình cờ nhóm Conan lại phát hiện ra thi thể một trong các đồ đệ của Masakage. Cậu thám tử trung học của miền Tây Hattori Heiji cũng góp sức hết mình phá án!!', 'A5', 192, '11.3 x 17.6', '2019-03-20', 'Publish001', 'Tiếng Việt', 'Conan và các bạn được mời tới biệt thự của ảo thuật gia lừng danh Mr.Masakage. Hôm đó cũng đúng vừa tròn 10 năm kể từ khi Mr.Masakage đột nhiên biến mất. Tình cờ nhóm Conan lại phát hiện ra thi thể một trong các đồ đệ của Masakage. Cậu thám tử trung học của miền Tây Hattori Heiji cũng góp sức hết mình phá án!!', NULL, 20000, 20000, NULL, 100, 'conan85.jpg', 5),
('Book123', 'Conan tập 91', 'Category007', 'Author004', 'Conan và các bạn được mời tới biệt thự của ảo thuật gia lừng danh Mr.Masakage. Hôm đó cũng đúng vừa tròn 10 năm kể từ khi Mr.Masakage đột nhiên biến mất. Tình cờ nhóm Conan lại phát hiện ra thi thể một trong các đồ đệ của Masakage. Cậu thám tử trung học của miền Tây Hattori Heiji cũng góp sức hết mình phá án!!', 'A5', 192, '11.3 x 17.6', '2022-10-15', 'Publish001', 'Tiếng Việt', 'Conan và các bạn được mời tới biệt thự của ảo thuật gia lừng danh Mr.Masakage. Hôm đó cũng đúng vừa tròn 10 năm kể từ khi Mr.Masakage đột nhiên biến mất. Tình cờ nhóm Conan lại phát hiện ra thi thể một trong các đồ đệ của Masakage. Cậu thám tử trung học của miền Tây Hattori Heiji cũng góp sức hết mình phá án!!', NULL, 20000, 20000, NULL, 100, 'conan91.jpg', 5),
('Book124', 'Đô rê mon tập 2', 'Category007', 'Author005', 'Conan và các bạn được mời tới biệt thự của ảo thuật gia lừng danh Mr.Masakage. Hôm đó cũng đúng vừa tròn 10 năm kể từ khi Mr.Masakage đột nhiên biến mất. Tình cờ nhóm Conan lại phát hiện ra thi thể một trong các đồ đệ của Masakage. Cậu thám tử trung học của miền Tây Hattori Heiji cũng góp sức hết mình phá án!!', 'A5', 192, '11.3 x 17.6', '2019-03-20', 'Publish001', 'Tiếng Việt', 'Conan và các bạn được mời tới biệt thự của ảo thuật gia lừng danh Mr.Masakage. Hôm đó cũng đúng vừa tròn 10 năm kể từ khi Mr.Masakage đột nhiên biến mất. Tình cờ nhóm Conan lại phát hiện ra thi thể một trong các đồ đệ của Masakage. Cậu thám tử trung học của miền Tây Hattori Heiji cũng góp sức hết mình phá án!!', NULL, 20000, 20000, NULL, 100, 'doremon2.jpg', 5),
('Book125', 'Đô rê mon tập 15', 'Category007', 'Author005', 'Conan và các bạn được mời tới biệt thự của ảo thuật gia lừng danh Mr.Masakage. Hôm đó cũng đúng vừa tròn 10 năm kể từ khi Mr.Masakage đột nhiên biến mất. Tình cờ nhóm Conan lại phát hiện ra thi thể một trong các đồ đệ của Masakage. Cậu thám tử trung học của miền Tây Hattori Heiji cũng góp sức hết mình phá án!!', 'A5', 192, '11.3 x 17.6', '2019-03-20', 'Publish001', 'Tiếng Việt', 'Conan và các bạn được mời tới biệt thự của ảo thuật gia lừng danh Mr.Masakage. Hôm đó cũng đúng vừa tròn 10 năm kể từ khi Mr.Masakage đột nhiên biến mất. Tình cờ nhóm Conan lại phát hiện ra thi thể một trong các đồ đệ của Masakage. Cậu thám tử trung học của miền Tây Hattori Heiji cũng góp sức hết mình phá án!!', NULL, 20000, 20000, NULL, 100, 'doremon15.jpg', 5),
('Book126', 'Đô rê mon tập 5', 'Category007', 'Author005', 'Conan và các bạn được mời tới biệt thự của ảo thuật gia lừng danh Mr.Masakage. Hôm đó cũng đúng vừa tròn 10 năm kể từ khi Mr.Masakage đột nhiên biến mất. Tình cờ nhóm Conan lại phát hiện ra thi thể một trong các đồ đệ của Masakage. Cậu thám tử trung học của miền Tây Hattori Heiji cũng góp sức hết mình phá án!!', 'A5', 192, '11.3 x 17.6', '2019-03-20', 'Publish001', 'Tiếng Việt', 'Conan và các bạn được mời tới biệt thự của ảo thuật gia lừng danh Mr.Masakage. Hôm đó cũng đúng vừa tròn 10 năm kể từ khi Mr.Masakage đột nhiên biến mất. Tình cờ nhóm Conan lại phát hiện ra thi thể một trong các đồ đệ của Masakage. Cậu thám tử trung học của miền Tây Hattori Heiji cũng góp sức hết mình phá án!!', NULL, 20000, 20000, NULL, 100, 'doremon5.jpg', 5),
('Book127', 'Dragon Ball', 'Category007', 'Author001', 'Conan và các bạn được mời tới biệt thự của ảo thuật gia lừng danh Mr.Masakage. Hôm đó cũng đúng vừa tròn 10 năm kể từ khi Mr.Masakage đột nhiên biến mất. Tình cờ nhóm Conan lại phát hiện ra thi thể một trong các đồ đệ của Masakage. Cậu thám tử trung học của miền Tây Hattori Heiji cũng góp sức hết mình phá án!!', 'A5', 192, '11.3 x 17.6', '2019-03-20', 'Publish001', 'Tiếng Việt', 'Conan và các bạn được mời tới biệt thự của ảo thuật gia lừng danh Mr.Masakage. Hôm đó cũng đúng vừa tròn 10 năm kể từ khi Mr.Masakage đột nhiên biến mất. Tình cờ nhóm Conan lại phát hiện ra thi thể một trong các đồ đệ của Masakage. Cậu thám tử trung học của miền Tây Hattori Heiji cũng góp sức hết mình phá án!!', NULL, 20000, 20000, NULL, 100, 'dragonball7.jpg', 5),
('Book128', 'Dragon Ball', 'Category007', 'Author001', 'Conan và các bạn được mời tới biệt thự của ảo thuật gia lừng danh Mr.Masakage. Hôm đó cũng đúng vừa tròn 10 năm kể từ khi Mr.Masakage đột nhiên biến mất. Tình cờ nhóm Conan lại phát hiện ra thi thể một trong các đồ đệ của Masakage. Cậu thám tử trung học của miền Tây Hattori Heiji cũng góp sức hết mình phá án!!', 'A5', 192, '11.3 x 17.6', '2019-03-20', 'Publish001', 'Tiếng Việt', 'Conan và các bạn được mời tới biệt thự của ảo thuật gia lừng danh Mr.Masakage. Hôm đó cũng đúng vừa tròn 10 năm kể từ khi Mr.Masakage đột nhiên biến mất. Tình cờ nhóm Conan lại phát hiện ra thi thể một trong các đồ đệ của Masakage. Cậu thám tử trung học của miền Tây Hattori Heiji cũng góp sức hết mình phá án!!', NULL, 20000, 20000, NULL, 100, 'dragonball8.jpg', 5),
('Book129', 'Dragon Ball', 'Category007', 'Author001', 'Conan và các bạn được mời tới biệt thự của ảo thuật gia lừng danh Mr.Masakage. Hôm đó cũng đúng vừa tròn 10 năm kể từ khi Mr.Masakage đột nhiên biến mất. Tình cờ nhóm Conan lại phát hiện ra thi thể một trong các đồ đệ của Masakage. Cậu thám tử trung học của miền Tây Hattori Heiji cũng góp sức hết mình phá án!!', 'A5', 192, '11.3 x 17.6', '2019-03-20', 'Publish001', 'Tiếng Việt', 'Conan và các bạn được mời tới biệt thự của ảo thuật gia lừng danh Mr.Masakage. Hôm đó cũng đúng vừa tròn 10 năm kể từ khi Mr.Masakage đột nhiên biến mất. Tình cờ nhóm Conan lại phát hiện ra thi thể một trong các đồ đệ của Masakage. Cậu thám tử trung học của miền Tây Hattori Heiji cũng góp sức hết mình phá án!!', NULL, 20000, 20000, NULL, 100, 'dragonball10.jpg', 5),
('Book130', 'Dragon Ball', 'Category007', 'Author001', 'Conan và các bạn được mời tới biệt thự của ảo thuật gia lừng danh Mr.Masakage. Hôm đó cũng đúng vừa tròn 10 năm kể từ khi Mr.Masakage đột nhiên biến mất. Tình cờ nhóm Conan lại phát hiện ra thi thể một trong các đồ đệ của Masakage. Cậu thám tử trung học của miền Tây Hattori Heiji cũng góp sức hết mình phá án!!', 'A5', 192, '11.3 x 17.6', '2019-03-20', 'Publish001', 'Tiếng Việt', 'Conan và các bạn được mời tới biệt thự của ảo thuật gia lừng danh Mr.Masakage. Hôm đó cũng đúng vừa tròn 10 năm kể từ khi Mr.Masakage đột nhiên biến mất. Tình cờ nhóm Conan lại phát hiện ra thi thể một trong các đồ đệ của Masakage. Cậu thám tử trung học của miền Tây Hattori Heiji cũng góp sức hết mình phá án!!', NULL, 20000, 20000, NULL, 100, 'dragonball21.jpg', 5),
('Book131', 'Dragon Ball', 'Category007', 'Author001', 'Conan và các bạn được mời tới biệt thự của ảo thuật gia lừng danh Mr.Masakage. Hôm đó cũng đúng vừa tròn 10 năm kể từ khi Mr.Masakage đột nhiên biến mất. Tình cờ nhóm Conan lại phát hiện ra thi thể một trong các đồ đệ của Masakage. Cậu thám tử trung học của miền Tây Hattori Heiji cũng góp sức hết mình phá án!!', 'A5', 192, '11.3 x 17.6', '2019-03-20', 'Publish001', 'Tiếng Việt', 'Conan và các bạn được mời tới biệt thự của ảo thuật gia lừng danh Mr.Masakage. Hôm đó cũng đúng vừa tròn 10 năm kể từ khi Mr.Masakage đột nhiên biến mất. Tình cờ nhóm Conan lại phát hiện ra thi thể một trong các đồ đệ của Masakage. Cậu thám tử trung học của miền Tây Hattori Heiji cũng góp sức hết mình phá án!!', NULL, 20000, 20000, NULL, 100, 'dragonball39.jpg', 5),
('Book132', 'Shin bút chì 1', 'Category007', 'Author002', 'Conan và các bạn được mời tới biệt thự của ảo thuật gia lừng danh Mr.Masakage. Hôm đó cũng đúng vừa tròn 10 năm kể từ khi Mr.Masakage đột nhiên biến mất. Tình cờ nhóm Conan lại phát hiện ra thi thể một trong các đồ đệ của Masakage. Cậu thám tử trung học của miền Tây Hattori Heiji cũng góp sức hết mình phá án!!', 'A5', 192, '11.3 x 17.6', '2019-03-20', 'Publish001', 'Tiếng Việt', 'Conan và các bạn được mời tới biệt thự của ảo thuật gia lừng danh Mr.Masakage. Hôm đó cũng đúng vừa tròn 10 năm kể từ khi Mr.Masakage đột nhiên biến mất. Tình cờ nhóm Conan lại phát hiện ra thi thể một trong các đồ đệ của Masakage. Cậu thám tử trung học của miền Tây Hattori Heiji cũng góp sức hết mình phá án!!', NULL, 20000, 20000, NULL, 100, 'shin.jpg', 5),
('Book133', 'Shin bút chì 3', 'Category007', 'Author002', 'Conan và các bạn được mời tới biệt thự của ảo thuật gia lừng danh Mr.Masakage. Hôm đó cũng đúng vừa tròn 10 năm kể từ khi Mr.Masakage đột nhiên biến mất. Tình cờ nhóm Conan lại phát hiện ra thi thể một trong các đồ đệ của Masakage. Cậu thám tử trung học của miền Tây Hattori Heiji cũng góp sức hết mình phá án!!', 'A5', 192, '11.3 x 17.6', '2019-03-20', 'Publish001', 'Tiếng Việt', 'Conan và các bạn được mời tới biệt thự của ảo thuật gia lừng danh Mr.Masakage. Hôm đó cũng đúng vừa tròn 10 năm kể từ khi Mr.Masakage đột nhiên biến mất. Tình cờ nhóm Conan lại phát hiện ra thi thể một trong các đồ đệ của Masakage. Cậu thám tử trung học của miền Tây Hattori Heiji cũng góp sức hết mình phá án!!', NULL, 20000, 20000, NULL, 100, 'shin3.jpg', 5),
('Book134', 'Shin bút chì 27', 'Category007', 'Author002', 'Conan và các bạn được mời tới biệt thự của ảo thuật gia lừng danh Mr.Masakage. Hôm đó cũng đúng vừa tròn 10 năm kể từ khi Mr.Masakage đột nhiên biến mất. Tình cờ nhóm Conan lại phát hiện ra thi thể một trong các đồ đệ của Masakage. Cậu thám tử trung học của miền Tây Hattori Heiji cũng góp sức hết mình phá án!!', 'A5', 192, '11.3 x 17.6', '2019-03-20', 'Publish001', 'Tiếng Việt', 'Conan và các bạn được mời tới biệt thự của ảo thuật gia lừng danh Mr.Masakage. Hôm đó cũng đúng vừa tròn 10 năm kể từ khi Mr.Masakage đột nhiên biến mất. Tình cờ nhóm Conan lại phát hiện ra thi thể một trong các đồ đệ của Masakage. Cậu thám tử trung học của miền Tây Hattori Heiji cũng góp sức hết mình phá án!!', NULL, 20000, 20000, NULL, 100, 'shin27.jpg', 5),
('Book135', 'Shin bút chì 44', 'Category007', 'Author002', 'Conan và các bạn được mời tới biệt thự của ảo thuật gia lừng danh Mr.Masakage. Hôm đó cũng đúng vừa tròn 10 năm kể từ khi Mr.Masakage đột nhiên biến mất. Tình cờ nhóm Conan lại phát hiện ra thi thể một trong các đồ đệ của Masakage. Cậu thám tử trung học của miền Tây Hattori Heiji cũng góp sức hết mình phá án!!', 'A5', 192, '11.3 x 17.6', '2019-03-20', 'Publish001', 'Tiếng Việt', 'Conan và các bạn được mời tới biệt thự của ảo thuật gia lừng danh Mr.Masakage. Hôm đó cũng đúng vừa tròn 10 năm kể từ khi Mr.Masakage đột nhiên biến mất. Tình cờ nhóm Conan lại phát hiện ra thi thể một trong các đồ đệ của Masakage. Cậu thám tử trung học của miền Tây Hattori Heiji cũng góp sức hết mình phá án!!', NULL, 20000, 20000, NULL, 100, 'shin44.jpg', 5),
('Book136', 'Shin bút chì 50', 'Category007', 'Author002', 'Conan và các bạn được mời tới biệt thự của ảo thuật gia lừng danh Mr.Masakage. Hôm đó cũng đúng vừa tròn 10 năm kể từ khi Mr.Masakage đột nhiên biến mất. Tình cờ nhóm Conan lại phát hiện ra thi thể một trong các đồ đệ của Masakage. Cậu thám tử trung học của miền Tây Hattori Heiji cũng góp sức hết mình phá án!!', 'A5', 192, '11.3 x 17.6', '2019-03-20', 'Publish001', 'Tiếng Việt', 'Conan và các bạn được mời tới biệt thự của ảo thuật gia lừng danh Mr.Masakage. Hôm đó cũng đúng vừa tròn 10 năm kể từ khi Mr.Masakage đột nhiên biến mất. Tình cờ nhóm Conan lại phát hiện ra thi thể một trong các đồ đệ của Masakage. Cậu thám tử trung học của miền Tây Hattori Heiji cũng góp sức hết mình phá án!!', NULL, 20000, 20000, NULL, 100, 'shin50.jpg', 5);
INSERT INTO `books` (`BookID`, `BookName`, `CategoryID`, `AuthorID`, `Descript`, `formats`, `pages`, `dimensions`, `publicationDate`, `PublisherID`, `Languages`, `Illustrationsnote`, `OtherFormat`, `OldPrice`, `Price`, `Statuss`, `Quantity`, `FileIMG`, `ReviewStar`) VALUES
('Book137', 'Bạn chỉ sống 1 lần', 'Category006', 'Author001', 'Cuốn sách chính là tập hợp những câu chuyện, câu nói hay về cuộc sống. Những dòng triết lý ngắn gọn, nội dung hướng bạn đọc đến những suy nghĩ tích cực hơn về nhiều khía cạnh trong cuộc sống. Bạn chỉ sống có một lần chính là sự lựa chọn tốt nhất dành cho những bạn trẻ đang tìm kiếm đáp án hoàn mỹ về hạnh phúc của bản thân.', 'A5', 192, '11.3 x 17.6', '2019-03-20', 'Publish001', 'Tiếng Việt', 'Cuốn sách chính là tập hợp những câu chuyện, câu nói hay về cuộc sống. Những dòng triết lý ngắn gọn, nội dung hướng bạn đọc đến những suy nghĩ tích cực hơn về nhiều khía cạnh trong cuộc sống. Bạn chỉ sống có một lần chính là sự lựa chọn tốt nhất dành cho những bạn trẻ đang tìm kiếm đáp án hoàn mỹ về hạnh phúc của bản thân.', NULL, 55000, 55000, NULL, 100, 'banchisongco1lan.jpg', 5),
('Book138', 'Chủ nghĩa khắc kỷ', 'Category006', 'Author003', 'Cuốn sách chính là tập hợp những câu chuyện, câu nói hay về cuộc sống. Những dòng triết lý ngắn gọn, nội dung hướng bạn đọc đến những suy nghĩ tích cực hơn về nhiều khía cạnh trong cuộc sống. Bạn chỉ sống có một lần chính là sự lựa chọn tốt nhất dành cho những bạn trẻ đang tìm kiếm đáp án hoàn mỹ về hạnh phúc của bản thân.', 'A5', 192, '11.3 x 17.6', '2019-03-20', 'Publish001', 'Tiếng Việt', 'Cuốn sách chính là tập hợp những câu chuyện, câu nói hay về cuộc sống. Những dòng triết lý ngắn gọn, nội dung hướng bạn đọc đến những suy nghĩ tích cực hơn về nhiều khía cạnh trong cuộc sống. Bạn chỉ sống có một lần chính là sự lựa chọn tốt nhất dành cho những bạn trẻ đang tìm kiếm đáp án hoàn mỹ về hạnh phúc của bản thân.', NULL, 55000, 55000, NULL, 100, 'chunghiakhacky.jpg', 5),
('Book139', 'Đắc nhân tâm', 'Category006', 'Author003', 'Cuốn sách chính là tập hợp những câu chuyện, câu nói hay về cuộc sống. Những dòng triết lý ngắn gọn, nội dung hướng bạn đọc đến những suy nghĩ tích cực hơn về nhiều khía cạnh trong cuộc sống. Bạn chỉ sống có một lần chính là sự lựa chọn tốt nhất dành cho những bạn trẻ đang tìm kiếm đáp án hoàn mỹ về hạnh phúc của bản thân.', 'A5', 192, '11.3 x 17.6', '2019-03-20', 'Publish001', 'Tiếng Việt', 'Cuốn sách chính là tập hợp những câu chuyện, câu nói hay về cuộc sống. Những dòng triết lý ngắn gọn, nội dung hướng bạn đọc đến những suy nghĩ tích cực hơn về nhiều khía cạnh trong cuộc sống. Bạn chỉ sống có một lần chính là sự lựa chọn tốt nhất dành cho những bạn trẻ đang tìm kiếm đáp án hoàn mỹ về hạnh phúc của bản thân.', NULL, 55000, 55000, NULL, 100, 'dacnhantam.jpg', 5),
('Book140', 'Trồng hạnh phúc', 'Category006', 'Author007', 'Cuốn sách chính là tập hợp những câu chuyện, câu nói hay về cuộc sống. Những dòng triết lý ngắn gọn, nội dung hướng bạn đọc đến những suy nghĩ tích cực hơn về nhiều khía cạnh trong cuộc sống. Bạn chỉ sống có một lần chính là sự lựa chọn tốt nhất dành cho những bạn trẻ đang tìm kiếm đáp án hoàn mỹ về hạnh phúc của bản thân.', 'A5', 192, '11.3 x 17.6', '2019-03-20', 'Publish001', 'Tiếng Việt', 'Cuốn sách chính là tập hợp những câu chuyện, câu nói hay về cuộc sống. Những dòng triết lý ngắn gọn, nội dung hướng bạn đọc đến những suy nghĩ tích cực hơn về nhiều khía cạnh trong cuộc sống. Bạn chỉ sống có một lần chính là sự lựa chọn tốt nhất dành cho những bạn trẻ đang tìm kiếm đáp án hoàn mỹ về hạnh phúc của bản thân.', NULL, 55000, 55000, NULL, 100, 'gieotronghanhphuc.jpg', 5),
('Book141', 'Kỷ luật tự giác', 'Category006', 'Author009', 'Cuốn sách chính là tập hợp những câu chuyện, câu nói hay về cuộc sống. Những dòng triết lý ngắn gọn, nội dung hướng bạn đọc đến những suy nghĩ tích cực hơn về nhiều khía cạnh trong cuộc sống. Bạn chỉ sống có một lần chính là sự lựa chọn tốt nhất dành cho những bạn trẻ đang tìm kiếm đáp án hoàn mỹ về hạnh phúc của bản thân.', 'A5', 192, '11.3 x 17.6', '2019-03-20', 'Publish001', 'Tiếng Việt', 'Cuốn sách chính là tập hợp những câu chuyện, câu nói hay về cuộc sống. Những dòng triết lý ngắn gọn, nội dung hướng bạn đọc đến những suy nghĩ tích cực hơn về nhiều khía cạnh trong cuộc sống. Bạn chỉ sống có một lần chính là sự lựa chọn tốt nhất dành cho những bạn trẻ đang tìm kiếm đáp án hoàn mỹ về hạnh phúc của bản thân.', NULL, 55000, 55000, NULL, 100, 'kyluattugiac.jpg', 5),
('Book142', 'Nghiệp tình yêu', 'Category006', 'Author008', 'Cuốn sách chính là tập hợp những câu chuyện, câu nói hay về cuộc sống. Những dòng triết lý ngắn gọn, nội dung hướng bạn đọc đến những suy nghĩ tích cực hơn về nhiều khía cạnh trong cuộc sống. Bạn chỉ sống có một lần chính là sự lựa chọn tốt nhất dành cho những bạn trẻ đang tìm kiếm đáp án hoàn mỹ về hạnh phúc của bản thân.', 'A5', 192, '11.3 x 17.6', '2019-03-20', 'Publish001', 'Tiếng Việt', 'Cuốn sách chính là tập hợp những câu chuyện, câu nói hay về cuộc sống. Những dòng triết lý ngắn gọn, nội dung hướng bạn đọc đến những suy nghĩ tích cực hơn về nhiều khía cạnh trong cuộc sống. Bạn chỉ sống có một lần chính là sự lựa chọn tốt nhất dành cho những bạn trẻ đang tìm kiếm đáp án hoàn mỹ về hạnh phúc của bản thân.', NULL, 55000, 55000, NULL, 100, 'nghieptinhyeu.jpg', 5),
('Book143', 'Người nam châm', 'Category006', 'Author008', 'Cuốn sách chính là tập hợp những câu chuyện, câu nói hay về cuộc sống. Những dòng triết lý ngắn gọn, nội dung hướng bạn đọc đến những suy nghĩ tích cực hơn về nhiều khía cạnh trong cuộc sống. Bạn chỉ sống có một lần chính là sự lựa chọn tốt nhất dành cho những bạn trẻ đang tìm kiếm đáp án hoàn mỹ về hạnh phúc của bản thân.', 'A5', 192, '11.3 x 17.6', '2019-03-20', 'Publish001', 'Tiếng Việt', 'Cuốn sách chính là tập hợp những câu chuyện, câu nói hay về cuộc sống. Những dòng triết lý ngắn gọn, nội dung hướng bạn đọc đến những suy nghĩ tích cực hơn về nhiều khía cạnh trong cuộc sống. Bạn chỉ sống có một lần chính là sự lựa chọn tốt nhất dành cho những bạn trẻ đang tìm kiếm đáp án hoàn mỹ về hạnh phúc của bản thân.', NULL, 55000, 55000, NULL, 100, 'nguoinamcham.jpg', 5),
('Book144', 'Sức mạnh tiềm thức', 'Category006', 'Author005', 'Cuốn sách chính là tập hợp những câu chuyện, câu nói hay về cuộc sống. Những dòng triết lý ngắn gọn, nội dung hướng bạn đọc đến những suy nghĩ tích cực hơn về nhiều khía cạnh trong cuộc sống. Bạn chỉ sống có một lần chính là sự lựa chọn tốt nhất dành cho những bạn trẻ đang tìm kiếm đáp án hoàn mỹ về hạnh phúc của bản thân.', 'A5', 192, '11.3 x 17.6', '2019-03-20', 'Publish001', 'Tiếng Việt', 'Cuốn sách chính là tập hợp những câu chuyện, câu nói hay về cuộc sống. Những dòng triết lý ngắn gọn, nội dung hướng bạn đọc đến những suy nghĩ tích cực hơn về nhiều khía cạnh trong cuộc sống. Bạn chỉ sống có một lần chính là sự lựa chọn tốt nhất dành cho những bạn trẻ đang tìm kiếm đáp án hoàn mỹ về hạnh phúc của bản thân.', NULL, 129000, 129000, NULL, 100, 'sucmanhtiemthuc.jpg', 5),
('Book145', 'Tâm lý học tính cách', 'Category006', 'Author004', 'Cuốn sách chính là tập hợp những câu chuyện, câu nói hay về cuộc sống. Những dòng triết lý ngắn gọn, nội dung hướng bạn đọc đến những suy nghĩ tích cực hơn về nhiều khía cạnh trong cuộc sống. Bạn chỉ sống có một lần chính là sự lựa chọn tốt nhất dành cho những bạn trẻ đang tìm kiếm đáp án hoàn mỹ về hạnh phúc của bản thân.', 'A5', 192, '11.3 x 17.6', '2019-03-20', 'Publish001', 'Tiếng Việt', 'Cuốn sách chính là tập hợp những câu chuyện, câu nói hay về cuộc sống. Những dòng triết lý ngắn gọn, nội dung hướng bạn đọc đến những suy nghĩ tích cực hơn về nhiều khía cạnh trong cuộc sống. Bạn chỉ sống có một lần chính là sự lựa chọn tốt nhất dành cho những bạn trẻ đang tìm kiếm đáp án hoàn mỹ về hạnh phúc của bản thân.', NULL, 129000, 129000, NULL, 100, 'tamlyhoctinhcach.jpg', 5),
('Book146', 'Thay đổi cuộc sống', 'Category006', 'Author004', 'Cuốn sách chính là tập hợp những câu chuyện, câu nói hay về cuộc sống. Những dòng triết lý ngắn gọn, nội dung hướng bạn đọc đến những suy nghĩ tích cực hơn về nhiều khía cạnh trong cuộc sống. Bạn chỉ sống có một lần chính là sự lựa chọn tốt nhất dành cho những bạn trẻ đang tìm kiếm đáp án hoàn mỹ về hạnh phúc của bản thân.', 'A5', 192, '11.3 x 17.6', '2019-03-20', 'Publish001', 'Tiếng Việt', 'Cuốn sách chính là tập hợp những câu chuyện, câu nói hay về cuộc sống. Những dòng triết lý ngắn gọn, nội dung hướng bạn đọc đến những suy nghĩ tích cực hơn về nhiều khía cạnh trong cuộc sống. Bạn chỉ sống có một lần chính là sự lựa chọn tốt nhất dành cho những bạn trẻ đang tìm kiếm đáp án hoàn mỹ về hạnh phúc của bản thân.', NULL, 129000, 129000, NULL, 100, 'thaydoicuocsongvoinhansohoc.jpg', 5),
('Book147', 'Tư duy phản biện', 'Category006', 'Author004', 'Cuốn sách chính là tập hợp những câu chuyện, câu nói hay về cuộc sống. Những dòng triết lý ngắn gọn, nội dung hướng bạn đọc đến những suy nghĩ tích cực hơn về nhiều khía cạnh trong cuộc sống. Bạn chỉ sống có một lần chính là sự lựa chọn tốt nhất dành cho những bạn trẻ đang tìm kiếm đáp án hoàn mỹ về hạnh phúc của bản thân.', 'A5', 192, '11.3 x 17.6', '2019-03-20', 'Publish001', 'Tiếng Việt', 'Cuốn sách chính là tập hợp những câu chuyện, câu ni hay về cuộc sống. Những dòng triết lý ngắn gọn, nội dung hướng bạn đọc đến những suy nghĩ tích cực hơn về nhiều khía cạnh trong cuộc sống. Bạn chỉ sống có một lần chính là sự lựa chọn tốt nhất dành cho những bạn trẻ đang tìm kiếm đáp án hoàn mỹ về hạnh phúc của bản thân.', NULL, 129000, 129000, NULL, 100, 'tuduyphanbien.jpg', 5),
('Book148', 'Tuổi trẻ đáng giá', 'Category006', 'Author004', 'Cuốn sách chính là tập hợp những câu chuyện, câu nói hay về cuộc sống. Những dòng triết lý ngắn gọn, nội dung hướng bạn đọc đến những suy nghĩ tích cực hơn về nhiều khía cạnh trong cuộc sống. Bạn chỉ sống có một lần chính là sự lựa chọn tốt nhất dành cho những bạn trẻ đang tìm kiếm đáp án hoàn mỹ về hạnh phúc của bản thân.', 'A5', 192, '11.3 x 17.6', '2019-03-20', 'Publish001', 'Tiếng Việt', 'Cuốn sách chính là tập hợp những câu chuyện, câu nói hay về cuộc sống. Những dòng triết lý ngắn gọn, nội dung hướng bạn đọc đến những suy nghĩ tích cực hơn về nhiều khía cạnh trong cuộc sống. Bạn chỉ sống có một lần chính là sự lựa chọn tốt nhất dành cho những bạn trẻ đang tìm kiếm đáp án hoàn mỹ về hạnh phúc của bản thân.', NULL, 82000, 82000, NULL, 100, 'tuoitredanggiabaonhieu.jpg', 5),
('Book149', 'Trồng hạnh phúc', 'Category006', 'Author007', 'Cuốn sách chính là tập hợp những câu chuyện, câu nói hay về cuộc sống. Những dòng triết lý ngắn gọn, nội dung hướng bạn đọc đến những suy nghĩ tích cực hơn về nhiều khía cạnh trong cuộc sống. Bạn chỉ sống có một lần chính là sự lựa chọn tốt nhất dành cho những bạn trẻ đang tìm kiếm đáp án hoàn mỹ về hạnh phúc của bản thân.', 'A5', 192, '11.3 x 17.6', '2019-03-20', 'Publish001', 'Tiếng Việt', 'Cuốn sách chính là tập hợp những câu chuyện, câu nói hay về cuộc sống. Những dòng triết lý ngắn gọn, nội dung hướng bạn đọc đến những suy nghĩ tích cực hơn về nhiều khía cạnh trong cuộc sống. Bạn chỉ sống có một lần chính là sự lựa chọn tốt nhất dành cho những bạn trẻ đang tìm kiếm đáp án hoàn mỹ về hạnh phúc của bản thân.', NULL, 55000, 55000, NULL, 100, 'gieotronghanhphuc.jpg', 5),
('Book150', '999 lá mùa thu', 'Category005', 'Author004', 'Cuốn sách chính là tập hợp những câu chuyện, câu nói hay về cuộc sống. Những dòng triết lý ngắn gọn, nội dung hướng bạn đọc đến những suy nghĩ tích cực hơn về nhiều khía cạnh trong cuộc sống. Bạn chỉ sống có một lần chính là sự lựa chọn tốt nhất dành cho những bạn trẻ đang tìm kiếm đáp án hoàn mỹ về hạnh phúc của bản thân.', 'A5', 192, '11.3 x 17.6', '2019-03-20', 'Publish001', 'Tiếng Việt', 'Cuốn sách chính là tập hợp những câu chuyện, câu nói hay về cuộc sống. Những dòng triết lý ngắn gọn, nội dung hướng bạn đọc đến những suy nghĩ tích cực hơn về nhiều khía cạnh trong cuộc sống. Bạn chỉ sống có một lần chính là sự lựa chọn tốt nhất dành cho những bạn trẻ đang tìm kiếm đáp án hoàn mỹ về hạnh phúc của bản thân.', NULL, 320000, 320000, NULL, 100, '999lathu.jpg', 5),
('Book151', 'Bố già', 'Category005', 'Author006', 'Cuốn sách chính là tập hợp những câu chuyện, câu nói hay về cuộc sống. Những dòng triết lý ngắn gọn, nội dung hướng bạn đọc đến những suy nghĩ tích cực hơn về nhiều khía cạnh trong cuộc sống. Bạn chỉ sống có một lần chính là sự lựa chọn tốt nhất dành cho những bạn trẻ đang tìm kiếm đáp án hoàn mỹ về hạnh phúc của bản thân.', 'A5', 192, '11.3 x 17.6', '2019-03-20', 'Publish001', 'Tiếng Việt', 'Cuốn sách chính là tập hợp những câu chuyện, câu nói hay về cuộc sống. Những dòng triết lý ngắn gọn, nội dung hướng bạn đọc đến những suy nghĩ tích cực hơn về nhiều khía cạnh trong cuộc sống. Bạn chỉ sống có một lần chính là sự lựa chọn tốt nhất dành cho những bạn trẻ đang tìm kiếm đáp án hoàn mỹ về hạnh phúc của bản thân.', NULL, 320000, 320000, NULL, 100, 'Bogia.jpg', 5),
('Book152', 'Cảm ơn người lớn', 'Category005', 'Author006', 'Cuốn sách chính là tập hợp những câu chuyện, câu nói hay về cuộc sống. Những dòng triết lý ngắn gọn, nội dung hướng bạn đọc đến những suy nghĩ tích cực hơn về nhiều khía cạnh trong cuộc sống. Bạn chỉ sống có một lần chính là sự lựa chọn tốt nhất dành cho những bạn trẻ đang tìm kiếm đáp án hoàn mỹ về hạnh phúc của bản thân.', 'A5', 192, '11.3 x 17.6', '2019-03-20', 'Publish001', 'Tiếng Việt', 'Cuốn sách chính là tập hợp những câu chuyện, câu nói hay về cuộc sống. Những dòng triết lý ngắn gọn, nội dung hướng bạn đọc đến những suy nghĩ tích cực hơn về nhiều khía cạnh trong cuộc sống. Bạn chỉ sống có một lần chính là sự lựa chọn tốt nhất dành cho những bạn trẻ đang tìm kiếm đáp án hoàn mỹ về hạnh phúc của bản thân.', NULL, 74000, 74000, NULL, 100, 'baitaptinhoc.jpg', 5),
('Book153', 'Cây cam ngọt của tôi', 'Category005', 'Author006', 'Cuốn sách chính là tập hợp những câu chuyện, câu nói hay về cuộc sống. Những dòng triết lý ngắn gọn, nội dung hướng bạn đọc đến những suy nghĩ tích cực hơn về nhiều khía cạnh trong cuộc sống. Bạn chỉ sống có một lần chính là sự lựa chọn tốt nhất dành cho những bạn trẻ đang tìm kiếm đáp án hoàn mỹ về hạnh phúc của bản thân.', 'A5', 192, '11.3 x 17.6', '2019-03-20', 'Publish001', 'Tiếng Việt', 'Cuốn sách chính là tập hợp những câu chuyện, câu nói hay về cuộc sống. Những dòng triết lý ngắn gọn, nội dung hướng bạn đọc đến những suy nghĩ tích cực hơn về nhiều khía cạnh trong cuộc sống. Bạn chỉ sống có một lần chính là sự lựa chọn tốt nhất dành cho những bạn trẻ đang tìm kiếm đáp án hoàn mỹ về hạnh phúc của bản thân.', NULL, 74000, 74000, NULL, 100, 'caycamngotcuatoi.jpg', 5),
('Book154', 'Cho xin vé về tuổi thơ', 'Category006', 'Author005', 'Cuốn sách chính là tập hợp những câu chuyện, câu nói hay về cuộc sống. Những dòng triết lý ngắn gọn, nội dung hướng bạn đọc đến những suy nghĩ tích cực hơn về nhiều khía cạnh trong cuộc sống. Bạn chỉ sống có một lần chính là sự lựa chọn tốt nhất dành cho những bạn trẻ đang tìm kiếm đáp án hoàn mỹ về hạnh phúc của bản thân.', 'A5', 192, '11.3 x 17.6', '2019-03-20', 'Publish001', 'Tiếng Việt', 'Cuốn sách chính là tập hợp những câu chuyện, câu nói hay về cuộc sống. Những dòng triết lý ngắn gọn, nội dung hướng bạn đọc đến những suy nghĩ tích cực hơn về nhiều khía cạnh trong cuộc sống. Bạn chỉ sống có một lần chính là sự lựa chọn tốt nhất dành cho những bạn trẻ đang tìm kiếm đáp án hoàn mỹ về hạnh phúc của bản thân.', NULL, 82000, 82000, NULL, 100, 'timemnoianh.jpg', 5),
('Book155', 'Đau ơi bay đi', 'Category006', 'Author006', 'Cuốn sách chính là tập hợp những câu chuyện, câu nói hay về cuộc sống. Những dòng triết lý ngắn gọn, nội dung hướng bạn đọc đến những suy nghĩ tích cực hơn về nhiều khía cạnh trong cuộc sống. Bạn chỉ sống có một lần chính là sự lựa chọn tốt nhất dành cho những bạn trẻ đang tìm kiếm đáp án hoàn mỹ về hạnh phúc của bản thân.', 'A5', 192, '11.3 x 17.6', '2019-03-20', 'Publish001', 'Tiếng Việt', 'Cuốn sách chính là tập hợp những câu chuyện, câu nói hay về cuộc sống. Những dòng triết lý ngắn gọn, nội dung hướng bạn đọc đến những suy nghĩ tích cực hơn về nhiều khía cạnh trong cuộc sống. Bạn chỉ sống có một lần chính là sự lựa chọn tốt nhất dành cho những bạn trẻ đang tìm kiếm đáp án hoàn mỹ về hạnh phúc của bản thân.', NULL, 82000, 82000, NULL, 100, 'dauoibaydi.jpg', 5),
('Book156', 'Điều kỳ diệu', 'Category006', 'Author006', 'Cuốn sách chính là tập hợp những câu chuyện, câu nói hay về cuộc sống. Những dòng triết lý ngắn gọn, nội dung hướng bạn đọc đến những suy nghĩ tích cực hơn về nhiều khía cạnh trong cuộc sống. Bạn chỉ sống có một lần chính là sự lựa chọn tốt nhất dành cho những bạn trẻ đang tìm kiếm đáp án hoàn mỹ về hạnh phúc của bản thân.', 'A5', 192, '11.3 x 17.6', '2019-03-20', 'Publish001', 'Tiếng Việt', 'Cuốn sách chính là tập hợp những câu chuyện, câu nói hay về cuộc sống. Những dòng triết lý ngắn gọn, nội dung hướng bạn đọc đến những suy nghĩ tích cực hơn về nhiều khía cạnh trong cuộc sống. Bạn chỉ sống có một lần chính là sự lựa chọn tốt nhất dành cho những bạn trẻ đang tìm kiếm đáp án hoàn mỹ về hạnh phúc của bản thân.', NULL, 82000, 82000, NULL, 100, 'fantasticflyers.jpg', 5),
('Book157', 'Gọi em bằng tên anh', 'Category006', 'Author006', 'Cuốn sách chính là tập hợp những câu chuyện, câu nói hay về cuộc sống. Những dòng triết lý ngắn gọn, nội dung hướng bạn đọc đến những suy nghĩ tích cực hơn về nhiều khía cạnh trong cuộc sống. Bạn chỉ sống có một lần chính là sự lựa chọn tốt nhất dành cho những bạn trẻ đang tìm kiếm đáp án hoàn mỹ về hạnh phúc của bản thân.', 'A5', 192, '11.3 x 17.6', '2019-03-20', 'Publish001', 'Tiếng Việt', 'Cuốn sách chính là tập hợp những câu chuyện, câu nói hay về cuộc sống. Những dòng triết lý ngắn gọn, nội dung hướng bạn đọc đến những suy nghĩ tích cực hơn về nhiều khía cạnh trong cuộc sống. Bạn chỉ sống có một lần chính là sự lựa chọn tốt nhất dành cho những bạn trẻ đang tìm kiếm đáp án hoàn mỹ về hạnh phúc của bản thân.', NULL, 82000, 82000, NULL, 100, 'timemnoianh.jpg', 5),
('Book158', 'Hai đứa trẻ', 'Category006', 'Author007', 'Cuốn sách chính là tập hợp những câu chuyện, câu nói hay về cuộc sống. Những dòng triết lý ngắn gọn, nội dung hướng bạn đọc đến những suy nghĩ tích cực hơn về nhiều khía cạnh trong cuộc sống. Bạn chỉ sống có một lần chính là sự lựa chọn tốt nhất dành cho những bạn trẻ đang tìm kiếm đáp án hoàn mỹ về hạnh phúc của bản thân.', 'A5', 192, '11.3 x 17.6', '2019-03-20', 'Publish001', 'Tiếng Việt', 'Cuốn sách chính là tập hợp những câu chuyện, câu nói hay về cuộc sống. Những dòng triết lý ngắn gọn, nội dung hướng bạn đọc đến những suy nghĩ tích cực hơn về nhiều khía cạnh trong cuộc sống. Bạn chỉ sống có một lần chính là sự lựa chọn tốt nhất dành cho những bạn trẻ đang tìm kiếm đáp án hoàn mỹ về hạnh phúc của bản thân.', NULL, 82000, 82000, NULL, 100, 'haiduatre.jpg', 5),
('Book159', 'Mục đích sống', 'Category006', 'Author007', 'Cuốn sách chính là tập hợp những câu chuyện, câu nói hay về cuộc sống. Những dòng triết lý ngắn gọn, nội dung hướng bạn đọc đến những suy nghĩ tích cực hơn về nhiều khía cạnh trong cuộc sống. Bạn chỉ sống có một lần chính là sự lựa chọn tốt nhất dành cho những bạn trẻ đang tìm kiếm đáp án hoàn mỹ về hạnh phúc của bản thân.', 'A5', 192, '11.3 x 17.6', '2019-03-20', 'Publish001', 'Tiếng Việt', 'Cuốn sách chính là tập hợp những câu chuyện, câu nói hay về cuộc sống. Những dòng triết lý ngắn gọn, nội dung hướng bạn đọc đến những suy nghĩ tích cực hơn về nhiều khía cạnh trong cuộc sống. Bạn chỉ sống có một lần chính là sự lựa chọn tốt nhất dành cho những bạn trẻ đang tìm kiếm đáp án hoàn mỹ về hạnh phúc của bản thân.', NULL, 82000, 82000, NULL, 100, 'mucdichsong.jpg', 5),
('Book160', 'Lì quá để nói quài', 'Category006', 'Author007', 'Cuốn sách chính là tập hợp những câu chuyện, câu nói hay về cuộc sống. Những dòng triết lý ngắn gọn, nội dung hướng bạn đọc đến những suy nghĩ tích cực hơn về nhiều khía cạnh trong cuộc sống. Bạn chỉ sống có một lần chính là sự lựa chọn tốt nhất dành cho những bạn trẻ đang tìm kiếm đáp án hoàn mỹ về hạnh phúc của bản thân.', 'A5', 192, '11.3 x 17.6', '2019-03-20', 'Publish001', 'Tiếng Việt', 'Cuốn sách chính là tập hợp những câu chuyện, câu nói hay về cuộc sống. Những dòng triết lý ngắn gọn, nội dung hướng bạn đọc đến những suy nghĩ tích cực hơn về nhiều khía cạnh trong cuộc sống. Bạn chỉ sống có một lần chính là sự lựa chọn tốt nhất dành cho những bạn trẻ đang tìm kiếm đáp án hoàn mỹ về hạnh phúc của bản thân.', NULL, 82000, 82000, NULL, 100, 'liquadenoiquai.jpg', 5),
('Book161', 'Thơ Xuân Diệu', 'Category006', 'Author008', 'Cuốn sách chính là tập hợp những câu chuyện, câu nói hay về cuộc sống. Những dòng triết lý ngắn gọn, nội dung hướng bạn đọc đến những suy nghĩ tích cực hơn về nhiều khía cạnh trong cuộc sống. Bạn chỉ sống có một lần chính là sự lựa chọn tốt nhất dành cho những bạn trẻ đang tìm kiếm đáp án hoàn mỹ về hạnh phúc của bản thân.', 'A5', 192, '11.3 x 17.6', '2019-03-20', 'Publish001', 'Tiếng Việt', 'Cuốn sách chính là tập hợp những câu chuyện, câu nói hay về cuộc sống. Những dòng triết lý ngắn gọn, nội dung hướng bạn đọc đến những suy nghĩ tích cực hơn về nhiều khía cạnh trong cuộc sống. Bạn chỉ sống có một lần chính là sự lựa chọn tốt nhất dành cho những bạn trẻ đang tìm kiếm đáp án hoàn mỹ về hạnh phúc của bản thân.', NULL, 82000, 82000, NULL, 100, 'thoxuandieu.jpg', 5),
('Book162', 'Tìm em nơi anh', 'Category006', 'Author008', 'Cuốn sách chính là tập hợp những câu chuyện, câu nói hay về cuộc sống. Những dòng triết lý ngắn gọn, nội dung hướng bạn đọc đến những suy nghĩ tích cực hơn về nhiều khía cạnh trong cuộc sống. Bạn chỉ sống có một lần chính là sự lựa chọn tốt nhất dành cho những bạn trẻ đang tìm kiếm đáp án hoàn mỹ về hạnh phúc của bản thân.', 'A5', 192, '11.3 x 17.6', '2019-03-20', 'Publish001', 'Tiếng Việt', 'Cuốn sách chính là tập hợp những câu chuyện, câu nói hay về cuộc sống. Những dòng triết lý ngắn gọn, nội dung hướng bạn đọc đến những suy nghĩ tích cực hơn về nhiều khía cạnh trong cuộc sống. Bạn chỉ sống có một lần chính là sự lựa chọn tốt nhất dành cho những bạn trẻ đang tìm kiếm đáp án hoàn mỹ về hạnh phúc của bản thân.', NULL, 82000, 82000, NULL, 100, 'timemnoianh.jpg', 5),
('Book163', 'Số đỏ', 'Category006', 'Author009', 'Cuốn sách chính là tập hợp những câu chuyện, câu nói hay về cuộc sống. Những dòng triết lý ngắn gọn, nội dung hướng bạn đọc đến những suy nghĩ tích cực hơn về nhiều khía cạnh trong cuộc sống. Bạn chỉ sống có một lần chính là sự lựa chọn tốt nhất dành cho những bạn trẻ đang tìm kiếm đáp án hoàn mỹ về hạnh phúc của bản thân.', 'A5', 192, '11.3 x 17.6', '2019-03-20', 'Publish001', 'Tiếng Việt', 'Cuốn sách chính là tập hợp những câu chuyện, câu nói hay về cuộc sống. Những dòng triết lý ngắn gọn, nội dung hướng bạn đọc đến những suy nghĩ tích cực hơn về nhiều khía cạnh trong cuộc sống. Bạn chỉ sống có một lần chính là sự lựa chọn tốt nhất dành cho những bạn trẻ đang tìm kiếm đáp án hoàn mỹ về hạnh phúc của bản thân.', NULL, 82000, 82000, NULL, 100, 'sodo.jpg', 5),
('Book164', 'Combo sách HanniBal', 'Category001', 'Author009', 'Cuốn sách chính là tập hợp những câu chuyện, câu nói hay về cuộc sống. Những dòng triết lý ngắn gọn, nội dung hướng bạn đọc đến những suy nghĩ tích cực hơn về nhiều khía cạnh trong cuộc sống. Bạn chỉ sống có một lần chính là sự lựa chọn tốt nhất dành cho những bạn trẻ đang tìm kiếm đáp án hoàn mỹ về hạnh phúc của bản thân.', 'A5', 192, '11.3 x 17.6', '2019-03-20', 'Publish001', 'Tiếng Việt', 'Cuốn sách chính là tập hợp những câu chuyện, câu nói hay về cuộc sống. Những dòng triết lý ngắn gọn, nội dung hướng bạn đọc đến những suy nghĩ tích cực hơn về nhiều khía cạnh trong cuộc sống. Bạn chỉ sống có một lần chính là sự lựa chọn tốt nhất dành cho những bạn trẻ đang tìm kiếm đáp án hoàn mỹ về hạnh phúc của bản thân.', NULL, 82000, 82000, NULL, 100, 'combosachhannibal.jpg', 5),
('Book165', 'động từ bất quy tắc', 'Category002', 'Author009', 'Cuốn sách giúp người đọc ghi nhớ và biết cách sử dụng chính xác các động từ bất quy tắc cũng như cách dùng các thì trong tiếng Anh. \r\nNội dung sách bao gồm 2 phần cụ thể: Phần 1 giới thiệu bảng 600 động từ bất quy tắc trong tiếng Anh kèm phiên âm và dịch nghĩa được trình bày cụ thể và khoa học, giúp người học dễ dàng nắm bắt và sử dụng; Phần 2 giới thiệu cách sử dụng các thì trong tiếng Anh kèm bài tập vận dụng.\r\nCó thể nói, đây là cuốn sách hữu ích, giúp người học tiếng Anh bước qua trở ngại về ngữ pháp, trong đó có vấn đề ghi nhớ các động từ bất quy tắc và cách ứng dụng các thì trong tiếng Anh, nhằm từng bước nâng cao khả năng tiếng Anh của mình.', 'A5', 124, '14.5 x 20.5', '2019-04-20', 'Publish003', 'Tiếng Việt', 'Cuốn sách giúp người đọc ghi nhớ và biết cách sử dụng chính xác các động từ bất quy tắc cũng như cách dùng các thì trong tiếng Anh. \r\nNội dung sách bao gồm 2 phần cụ thể: Phần 1 giới thiệu bảng 600 động từ bất quy tắc trong tiếng Anh kèm phiên âm và dịch nghĩa được trình bày cụ thể và khoa học, giúp người học dễ dàng nắm bắt và sử dụng; Phần 2 giới thiệu cách sử dụng các thì trong tiếng Anh kèm bài tập vận dụng.\r\nCó thể nói, đây là cuốn sách hữu ích, giúp người học tiếng Anh bước qua trở ngại về ngữ pháp, trong đó có vấn đề ghi nhớ các động từ bất quy tắc và cách ứng dụng các thì trong tiếng Anh, nhằm từng bước nâng cao khả năng tiếng Anh của mình.', NULL, 33000, 33000, NULL, 150, '600dongtubatquytac.jpg', 5),
('Book166', '2000 từ vựng TA', 'Category002', 'Author009', 'Nhà ngôn ngữ học nổi tiếng D.A.Wilkins đã nói rằng “Without grammar, very little can be conveyed; without vocabulary, nothing can be conveyed.” (Không có ngữ pháp, rất ít thông tin có thể được truyền đạt; Không có từ vựng, không một thông tin nào có thể được truyền đạt cả). Vì thế, trong việc học một ngoại ngữ, thì từ vựng có thể xem như các tế bào nhỏ hình thành nên khả năng sử dụng ngoại ngữ của người học.', 'A5', 260, '14.5 x 9.5', '2019-02-20', 'Publish003', 'Tiếng Việt', 'Trong việc học một ngoại ngữ, thì từ vựng có thể xem như các tế bào nhỏ hình thành nên khả năng sử dụng ngoại ngữ của người học.', NULL, 33000, 33000, NULL, 150, '2000tutienganh.jpg', 5),
('Book167', 'Ngữ pháp Tiếng Hàn', 'Category002', 'Author009', 'Thời gian gần đây, việc dạy và học tiếng Hàn đã trở nên phổ biến không những ở các nước trên thế giới như Mỹ, Anh, Pháp mà cả ở Việt Nam chúng ta. Số lượng người theo học tiếng Hàn đã tăng nhanh một cách đáng kể. Tuy nhiên, số sách dạy tiếng Hàn dành cho những người theo học tại các cơ sở đào tạo hay tự học tại nhà vẫn còn hạn chế. Xuất phát từ nhu cầu đó, đội ngũ biên soạn đã cố gắng tìm tòi và nghiên cứu để có thể mang đến cho bạn đọc một bộ sách học và luyện tập tiếng Hàn một cách chỉn chu nhất. Bộ sách gồm hai quyển: Bài tập ngữ pháp tiếng Hàn - Trình độ căn bản và Bài tập ngữ pháp tiếng Hàn - Trình độ nâng cao, tập trung giải thích các điểm ngữ pháp tiếng Hàn ở cả hai trình độ căn bản và nâng cao cùng những bài tập liên quan để người học có cơ hội luyện tập và củng cố kiến thức của mình về ngữ pháp.', 'A5', 297, '24 x 16', '2016-02-22', 'Publish003', 'Tiếng Việt', ' Bài tập ngữ pháp tiếng Hàn - Trình độ căn bản và Bài tập ngữ pháp tiếng Hàn - Trình độ nâng cao, tập trung giải thích các điểm ngữ pháp tiếng Hàn ở cả hai trình độ căn bản và nâng cao cùng những bài tập liên quan để người học có cơ hội luyện tập và củng cố kiến thức của mình về ngữ pháp.', NULL, 58000, 58000, NULL, 125, 'baitaptinhoc.jpg', 5),
('Book168', 'Fantastic Flyers', 'Category002', 'Author009', 'Fantastic Flyers là một khóa học chuẩn bị lý tưởng cho kỳ thi Cambridge English: Young Learners Movers. Fantastic Flyers phiên bản thứ 2 đã được sửa đổi và cập nhật rộng rãi cho giáo trình năm 2018 với các tác phẩm nghệ thuật mới lấp lánh và tài nguyên giáo viên bổ sung, bao gồm cả tài liệu cho Interactive Whiteboard. Fantastic Flyers không chỉ là một khóa học luyện thi. Nó đặc biệt chú trọng vào việc làm cho việc học tiếng Anh và chuẩn bị cho bài kiểm tra trở nên thú vị!', 'A5', 84, '21 x 29.7', '2020-12-22', 'Publish003', 'Tiếng Anh', 'Fantastic Flyers phiên bản thứ 2 đã được sửa đổi và cập nhật rộng rãi cho giáo trình năm 2018 với các tác phẩm nghệ thuật mới lấp lánh và tài nguyên giáo viên bổ sung, bao gồm cả tài liệu cho Interactive Whiteboard. Fantastic Flyers không chỉ là một khóa học luyện thi. Nó đặc biệt chú trọng vào việc làm cho việc học tiếng Anh và chuẩn bị cho bài kiểm tra trở nên thú vị!', NULL, 95000, 95000, NULL, 80, 'fantasticflyers.jpg', 5),
('Book169', 'Hackers Ielts Basic', 'Category002', 'Author004', 'Gamma Books đã cho ra mắt bộ sách Hackers IELTS Basic gồm bốn kĩ năng: Listening – Reading – Speaking – Writing nhằm giúp người học xây dựng được chiến lược học tập hiệu quả và rèn luyện các kĩ năng từ bước cơ bản nhất. Bộ sách sẽ là công cụ hữu ích giúp người học tiếp cận với IELTS theo cách đơn giản đến không ngờ.', 'A5', 448, '24 x 16 ', '2021-10-22', 'Publish005', 'Tiếng Việt', 'Gamma Books đã cho ra mắt bộ sách Hackers IELTS Basic gồm bốn kĩ năng: Listening – Reading – Speaking – Writing nhằm giúp người học xây dựng được chiến lược học tập hiệu quả và rèn luyện các kĩ năng từ bước cơ bản nhất. Bộ sách sẽ là công cụ hữu ích giúp người học tiếp cận với IELTS theo cách đơn giản đến không ngờ.', NULL, 137000, 137000, NULL, 180, 'ieltslistening.jpg', 5),
('Book170', 'Hackers Ielts', 'Category001', 'Author004', 'Gamma Books đã cho ra mắt bộ sách Hackers IELTS Basic gồm bốn kĩ năng: Listening – Reading – Speaking – Writing nhằm giúp người học xây dựng được chiến lược học tập hiệu quả và rèn luyện các kĩ năng từ bước cơ bản nhất. Bộ sách sẽ là công cụ hữu ích giúp người học tiếp cận với IELTS theo cách đơn giản đến không ngờ.', 'A5', 448, '24 x 16 ', '2021-10-22', 'Publish005', 'Tiếng Việt', 'Gamma Books đã cho ra mắt bộ sách Hackers IELTS Basic gồm bốn kĩ năng: Listening – Reading – Speaking – Writing nhằm giúp người học xây dựng được chiến lược học tập hiệu quả và rèn luyện các kĩ năng từ bước cơ bản nhất. Bộ sách sẽ là công cụ hữu ích giúp người học tiếp cận với IELTS theo cách đơn giản đến không ngờ.', NULL, 119000, 119000, NULL, 372, 'ieltslistening.jpg', 5),
('Book171', 'Mindmap English', 'Category001', 'Author003', 'Gamma Books đã cho ra mắt bộ sách Hackers IELTS Basic gồm bốn kĩ năng: Listening – Reading – Speaking – Writing nhằm giúp người học xây dựng được chiến lược học tập hiệu quả và rèn luyện các kĩ năng từ bước cơ bản nhất. Bộ sách sẽ là công cụ hữu ích giúp người học tiếp cận với IELTS theo cách đơn giản đến không ngờ.', 'A5', 448, '24 x 17 x 0.5', '2018-10-22', 'Publish006', 'Tiếng Việt', 'Gamma Books đã cho ra mắt bộ sách Hackers IELTS Basic gồm bốn kĩ năng: Listening – Reading – Speaking – Writing nhằm giúp người học xây dựng được chiến lược học tập hiệu quả và rèn luyện các kĩ năng từ bước cơ bản nhất. Bộ sách sẽ là công cụ hữu ích giúp người học tiếp cận với IELTS theo cách đơn giản đến không ngờ.', NULL, 133000, 133000, NULL, 292, 'mindmap.jpg', 5),
('Book172', 'Nghiền từ vựng', 'Category001', 'Author005', 'Gamma Books đã cho ra mắt bộ sách Hackers IELTS Basic gồm bốn kĩ năng: Listening – Reading – Speaking – Writing nhằm giúp người học xây dựng được chiến lược học tập hiệu quả và rèn luyện các kĩ năng từ bước cơ bản nhất. Bộ sách sẽ là công cụ hữu ích giúp người học tiếp cận với IELTS theo cách đơn giản đến không ngờ.', 'A5', 308, '24 x 17', '2019-10-22', 'Publish006', 'Tiếng Việt', 'Gamma Books đã cho ra mắt bộ sách Hackers IELTS Basic gồm bốn kĩ năng: Listening – Reading – Speaking – Writing nhằm giúp người học xây dựng được chiến lược học tập hiệu quả và rèn luyện các kĩ năng từ bước cơ bản nhất. Bộ sách sẽ là công cụ hữu ích giúp người học tiếp cận với IELTS theo cách đơn giản đến không ngờ.', NULL, 133000, 133000, NULL, 92, 'nghientuvungtienganh.jpg', 5),
('Book173', 'Developing Skills', 'Category002', 'Author003', 'Ở giai đoạn bắt đầu luyện thi, các bạn thường khá hoang mang khi không biết kiến thức ngữ pháp và từ vựng căn bản nào cần học trước tiên. Sử dụng nhiều sách khiến các bạn cảm thấy bị nhồi nhét kiến thức một cách quá đà và không hiểu được nội dung trọng tâm cần ôn. Đây là cuốn sách ngữ pháp mất gốc căn bản có lever từ 0 tới 350 giúp tổng hợp những kiến thức cơ bản thường được dùng trong các kì thi, giúp bạn ôn thi hiệu quả hơn.', 'A5', 272, '26 x 19 x 1', '2021-10-22', 'Publish004', 'Tiếng Việt', 'Ở giai đoạn bắt đầu luyện thi, các bạn thường khá hoang mang khi không biết kiến thức ngữ pháp và từ vựng căn bản nào cần học trước tiên. Sử dụng nhiều sách khiến các bạn cảm thấy bị nhồi nhét kiến thức một cách quá đà và không hiểu được nội dung trọng tâm cần ôn. Đây là cuốn sách ngữ pháp mất gốc căn bản có lever từ 0 tới 350 giúp tổng hợp những kiến thức cơ bản thường được dùng trong các kì thi, giúp bạn ôn thi hiệu quả hơn.', NULL, 127000, 127000, NULL, 100, 'skilltoeic.jpg', 5),
('Book174', 'Conan tập 14', 'Category007', 'Author004', 'Conan và các bạn được mời tới biệt thự của ảo thuật gia lừng danh Mr.Masakage. Hôm đó cũng đúng vừa tròn 10 năm kể từ khi Mr.Masakage đột nhiên biến mất. Tình cờ nhóm Conan lại phát hiện ra thi thể một trong các đồ đệ của Masakage. Cậu thám tử trung học của miền Tây Hattori Heiji cũng góp sức hết mình phá án!!', 'A5', 192, '11.3 x 17.6', '2019-03-20', 'Publish001', 'Tiếng Việt', 'Conan và các bạn được mời tới biệt thự của ảo thuật gia lừng danh Mr.Masakage. Hôm đó cũng đúng vừa tròn 10 năm kể từ khi Mr.Masakage đột nhiên biến mất. Tình cờ nhóm Conan lại phát hiện ra thi thể một trong các đồ đệ của Masakage. Cậu thám tử trung học của miền Tây Hattori Heiji cũng góp sức hết mình phá án!!', NULL, 20000, 20000, NULL, 100, 'conan14.jpg', 5),
('Book175', 'Conan tập 23', 'Category007', 'Author004', 'Conan và các bạn được mời tới biệt thự của ảo thuật gia lừng danh Mr.Masakage. Hôm đó cũng đúng vừa tròn 10 năm kể từ khi Mr.Masakage đột nhiên biến mất. Tình cờ nhóm Conan lại phát hiện ra thi thể một trong các đồ đệ của Masakage. Cậu thám tử trung học của miền Tây Hattori Heiji cũng góp sức hết mình phá án!!', 'A5', 192, '11.3 x 17.6', '2019-03-20', 'Publish001', 'Tiếng Việt', 'Conan và các bạn được mời tới biệt thự của ảo thuật gia lừng danh Mr.Masakage. Hôm đó cũng đúng vừa tròn 10 năm kể từ khi Mr.Masakage đột nhiên biến mất. Tình cờ nhóm Conan lại phát hiện ra thi thể một trong các đồ đệ của Masakage. Cậu thám tử trung học của miền Tây Hattori Heiji cũng góp sức hết mình phá án!!', NULL, 20000, 20000, NULL, 100, 'conan23.jpg', 5),
('Book176', 'Conan tập 36', 'Category007', 'Author004', 'Conan và các bạn được mời tới biệt thự của ảo thuật gia lừng danh Mr.Masakage. Hôm đó cũng đúng vừa tròn 10 năm kể từ khi Mr.Masakage đột nhiên biến mất. Tình cờ nhóm Conan lại phát hiện ra thi thể một trong các đồ đệ của Masakage. Cậu thám tử trung học của miền Tây Hattori Heiji cũng góp sức hết mình phá án!!', 'A5', 192, '11.3 x 17.6', '2020-03-20', 'Publish001', 'Tiếng Việt', 'Conan và các bạn được mời tới biệt thự của ảo thuật gia lừng danh Mr.Masakage. Hôm đó cũng đúng vừa tròn 10 năm kể từ khi Mr.Masakage đột nhiên biến mất. Tình cờ nhóm Conan lại phát hiện ra thi thể một trong các đồ đệ của Masakage. Cậu thám tử trung học của miền Tây Hattori Heiji cũng góp sức hết mình phá án!!', NULL, 20000, 20000, NULL, 100, 'conan36.jpg', 5),
('Book177', 'Conan tập 42', 'Category007', 'Author004', 'Conan và các bạn được mời tới biệt thự của ảo thuật gia lừng danh Mr.Masakage. Hôm đó cũng đúng vừa tròn 10 năm kể từ khi Mr.Masakage đột nhiên biến mất. Tình cờ nhóm Conan lại phát hiện ra thi thể một trong các đồ đệ của Masakage. Cậu thám tử trung học của miền Tây Hattori Heiji cũng góp sức hết mình phá án!!', 'A5', 192, '11.3 x 17.6', '2019-03-20', 'Publish001', 'Tiếng Việt', 'Conan và các bạn được mời tới biệt thự của ảo thuật gia lừng danh Mr.Masakage. Hôm đó cũng đúng vừa tròn 10 năm kể từ khi Mr.Masakage đột nhiên biến mất. Tình cờ nhóm Conan lại phát hiện ra thi thể một trong các đồ đệ của Masakage. Cậu thám tử trung học của miền Tây Hattori Heiji cũng góp sức hết mình phá án!!', NULL, 20000, 20000, NULL, 100, 'conan42.jpg', 5),
('Book178', 'Conan tập 50', 'Category007', 'Author004', 'Conan và các bạn được mời tới biệt thự của ảo thuật gia lừng danh Mr.Masakage. Hôm đó cũng đúng vừa tròn 10 năm kể từ khi Mr.Masakage đột nhiên biến mất. Tình cờ nhóm Conan lại phát hiện ra thi thể một trong các đồ đệ của Masakage. Cậu thám tử trung học của miền Tây Hattori Heiji cũng góp sức hết mình phá án!!', 'A5', 192, '11.3 x 17.6', '2019-03-20', 'Publish001', 'Tiếng Việt', 'Conan và các bạn được mời tới biệt thự của ảo thuật gia lừng danh Mr.Masakage. Hôm đó cũng đúng vừa tròn 10 năm kể từ khi Mr.Masakage đột nhiên biến mất. Tình cờ nhóm Conan lại phát hiện ra thi thể một trong các đồ đệ của Masakage. Cậu thám tử trung học của miền Tây Hattori Heiji cũng góp sức hết mình phá án!!', NULL, 20000, 20000, NULL, 100, 'conan50.jpg', 5),
('Book179', 'Conan tập 60', 'Category007', 'Author004', 'Conan và các bạn được mời tới biệt thự của ảo thuật gia lừng danh Mr.Masakage. Hôm đó cũng đúng vừa tròn 10 năm kể từ khi Mr.Masakage đột nhiên biến mất. Tình cờ nhóm Conan lại phát hiện ra thi thể một trong các đồ đệ của Masakage. Cậu thám tử trung học của miền Tây Hattori Heiji cũng góp sức hết mình phá án!!', 'A5', 192, '11.3 x 17.6', '2019-03-20', 'Publish001', 'Tiếng Việt', 'Conan và các bạn được mời tới biệt thự của ảo thuật gia lừng danh Mr.Masakage. Hôm đó cũng đúng vừa tròn 10 năm kể từ khi Mr.Masakage đột nhiên biến mất. Tình cờ nhóm Conan lại phát hiện ra thi thể một trong các đồ đệ của Masakage. Cậu thám tử trung học của miền Tây Hattori Heiji cũng góp sức hết mình phá án!!', NULL, 20000, 20000, NULL, 100, 'conan60.jpg', 5),
('Book180', 'Conan tập 85', 'Category007', 'Author004', 'Conan và các bạn được mời tới biệt thự của ảo thuật gia lừng danh Mr.Masakage. Hôm đó cũng đúng vừa tròn 10 năm kể từ khi Mr.Masakage đột nhiên biến mất. Tình cờ nhóm Conan lại phát hiện ra thi thể một trong các đồ đệ của Masakage. Cậu thám tử trung học của miền Tây Hattori Heiji cũng góp sức hết mình phá án!!', 'A5', 192, '11.3 x 17.6', '2019-03-20', 'Publish001', 'Tiếng Việt', 'Conan và các bạn được mời tới biệt thự của ảo thuật gia lừng danh Mr.Masakage. Hôm đó cũng đúng vừa tròn 10 năm kể từ khi Mr.Masakage đột nhiên biến mất. Tình cờ nhóm Conan lại phát hiện ra thi thể một trong các đồ đệ của Masakage. Cậu thám tử trung học của miền Tây Hattori Heiji cũng góp sức hết mình phá án!!', NULL, 20000, 20000, NULL, 100, 'conan85.jpg', 5),
('Book181', 'Conan tập 91', 'Category007', 'Author004', 'Conan và các bạn được mời tới biệt thự của ảo thuật gia lừng danh Mr.Masakage. Hôm đó cũng đúng vừa tròn 10 năm kể từ khi Mr.Masakage đột nhiên biến mất. Tình cờ nhóm Conan lại phát hiện ra thi thể một trong các đồ đệ của Masakage. Cậu thám tử trung học của miền Tây Hattori Heiji cũng góp sức hết mình phá án!!', 'A5', 192, '11.3 x 17.6', '2022-10-15', 'Publish001', 'Tiếng Việt', 'Conan và các bạn được mời tới biệt thự của ảo thuật gia lừng danh Mr.Masakage. Hôm đó cũng đúng vừa tròn 10 năm kể từ khi Mr.Masakage đột nhiên biến mất. Tình cờ nhóm Conan lại phát hiện ra thi thể một trong các đồ đệ của Masakage. Cậu thám tử trung học của miền Tây Hattori Heiji cũng góp sức hết mình phá án!!', NULL, 20000, 20000, NULL, 100, 'conan91.jpg', 5),
('Book182', 'Đô rê mon tập 2', 'Category007', 'Author005', 'Conan và các bạn được mời tới biệt thự của ảo thuật gia lừng danh Mr.Masakage. Hôm đó cũng đúng vừa tròn 10 năm kể từ khi Mr.Masakage đột nhiên biến mất. Tình cờ nhóm Conan lại phát hiện ra thi thể một trong các đồ đệ của Masakage. Cậu thám tử trung học của miền Tây Hattori Heiji cũng góp sức hết mình phá án!!', 'A5', 192, '11.3 x 17.6', '2019-03-20', 'Publish001', 'Tiếng Việt', 'Conan và các bạn được mời tới biệt thự của ảo thuật gia lừng danh Mr.Masakage. Hôm đó cũng đúng vừa tròn 10 năm kể từ khi Mr.Masakage đột nhiên biến mất. Tình cờ nhóm Conan lại phát hiện ra thi thể một trong các đồ đệ của Masakage. Cậu thám tử trung học của miền Tây Hattori Heiji cũng góp sức hết mình phá án!!', NULL, 20000, 20000, NULL, 100, 'doremon2.jpg', 5),
('Book183', 'Đô rê mon tập 15', 'Category007', 'Author005', 'Conan và các bạn được mời tới biệt thự của ảo thuật gia lừng danh Mr.Masakage. Hôm đó cũng đúng vừa tròn 10 năm kể từ khi Mr.Masakage đột nhiên biến mất. Tình cờ nhóm Conan lại phát hiện ra thi thể một trong các đồ đệ của Masakage. Cậu thám tử trung học của miền Tây Hattori Heiji cũng góp sức hết mình phá án!!', 'A5', 192, '11.3 x 17.6', '2019-03-20', 'Publish001', 'Tiếng Việt', 'Conan và các bạn được mời tới biệt thự của ảo thuật gia lừng danh Mr.Masakage. Hôm đó cũng đúng vừa tròn 10 năm kể từ khi Mr.Masakage đột nhiên biến mất. Tình cờ nhóm Conan lại phát hiện ra thi thể một trong các đồ đệ của Masakage. Cậu thám tử trung học của miền Tây Hattori Heiji cũng góp sức hết mình phá án!!', NULL, 20000, 20000, NULL, 100, 'doremon15.jpg', 5),
('Book184', 'Đô rê mon tập 5', 'Category007', 'Author005', 'Conan và các bạn được mời tới biệt thự của ảo thuật gia lừng danh Mr.Masakage. Hôm đó cũng đúng vừa tròn 10 năm kể từ khi Mr.Masakage đột nhiên biến mất. Tình cờ nhóm Conan lại phát hiện ra thi thể một trong các đồ đệ của Masakage. Cậu thám tử trung học của miền Tây Hattori Heiji cũng góp sức hết mình phá án!!', 'A5', 192, '11.3 x 17.6', '2019-03-20', 'Publish001', 'Tiếng Việt', 'Conan và các bạn được mời tới biệt thự của ảo thuật gia lừng danh Mr.Masakage. Hôm đó cũng đúng vừa tròn 10 năm kể từ khi Mr.Masakage đột nhiên biến mất. Tình cờ nhóm Conan lại phát hiện ra thi thể một trong các đồ đệ của Masakage. Cậu thám tử trung học của miền Tây Hattori Heiji cũng góp sức hết mình phá án!!', NULL, 20000, 20000, NULL, 100, 'doremon5.jpg', 5),
('Book185', 'Dragon Ball', 'Category007', 'Author001', 'Conan và các bạn được mời tới biệt thự của ảo thuật gia lừng danh Mr.Masakage. Hôm đó cũng đúng vừa tròn 10 năm kể từ khi Mr.Masakage đột nhiên biến mất. Tình cờ nhóm Conan lại phát hiện ra thi thể một trong các đồ đệ của Masakage. Cậu thám tử trung học của miền Tây Hattori Heiji cũng góp sức hết mình phá án!!', 'A5', 192, '11.3 x 17.6', '2019-03-20', 'Publish001', 'Tiếng Việt', 'Conan và các bạn được mời tới biệt thự của ảo thuật gia lừng danh Mr.Masakage. Hôm đó cũng đúng vừa tròn 10 năm kể từ khi Mr.Masakage đột nhiên biến mất. Tình cờ nhóm Conan lại phát hiện ra thi thể một trong các đồ đệ của Masakage. Cậu thám tử trung học của miền Tây Hattori Heiji cũng góp sức hết mình phá án!!', NULL, 20000, 20000, NULL, 100, 'dragonball7.jpg', 5),
('Book186', 'Dragon Ball', 'Category007', 'Author001', 'Conan và các bạn được mời tới biệt thự của ảo thuật gia lừng danh Mr.Masakage. Hôm đó cũng đúng vừa tròn 10 năm kể từ khi Mr.Masakage đột nhiên biến mất. Tình cờ nhóm Conan lại phát hiện ra thi thể một trong các đồ đệ của Masakage. Cậu thám tử trung học của miền Tây Hattori Heiji cũng góp sức hết mình phá án!!', 'A5', 192, '11.3 x 17.6', '2019-03-20', 'Publish001', 'Tiếng Việt', 'Conan và các bạn được mời tới biệt thự của ảo thuật gia lừng danh Mr.Masakage. Hôm đó cũng đúng vừa tròn 10 năm kể từ khi Mr.Masakage đột nhiên biến mất. Tình cờ nhóm Conan lại phát hiện ra thi thể một trong các đồ đệ của Masakage. Cậu thám tử trung học của miền Tây Hattori Heiji cũng góp sức hết mình phá án!!', NULL, 20000, 20000, NULL, 100, 'dragonball8.jpg', 5),
('Book187', 'Dragon Ball', 'Category007', 'Author001', 'Conan và các bạn được mời tới biệt thự của ảo thuật gia lừng danh Mr.Masakage. Hôm đó cũng đúng vừa tròn 10 năm kể từ khi Mr.Masakage đột nhiên biến mất. Tình cờ nhóm Conan lại phát hiện ra thi thể một trong các đồ đệ của Masakage. Cậu thám tử trung học của miền Tây Hattori Heiji cũng góp sức hết mình phá án!!', 'A5', 192, '11.3 x 17.6', '2019-03-20', 'Publish001', 'Tiếng Việt', 'Conan và các bạn được mời tới biệt thự của ảo thuật gia lừng danh Mr.Masakage. Hôm đó cũng đúng vừa tròn 10 năm kể từ khi Mr.Masakage đột nhiên biến mất. Tình cờ nhóm Conan lại phát hiện ra thi thể một trong các đồ đệ của Masakage. Cậu thám tử trung học của miền Tây Hattori Heiji cũng góp sức hết mình phá án!!', NULL, 20000, 20000, NULL, 100, 'dragonball10.jpg', 5),
('Book188', 'Dragon Ball', 'Category007', 'Author001', 'Conan và các bạn được mời tới biệt thự của ảo thuật gia lừng danh Mr.Masakage. Hôm đó cũng đúng vừa tròn 10 năm kể từ khi Mr.Masakage đột nhiên biến mất. Tình cờ nhóm Conan lại phát hiện ra thi thể một trong các đồ đệ của Masakage. Cậu thám tử trung học của miền Tây Hattori Heiji cũng góp sức hết mình phá án!!', 'A5', 192, '11.3 x 17.6', '2019-03-20', 'Publish001', 'Tiếng Việt', 'Conan và các bạn được mời tới biệt thự của ảo thuật gia lừng danh Mr.Masakage. Hôm đó cũng đúng vừa tròn 10 năm kể từ khi Mr.Masakage đột nhiên biến mất. Tình cờ nhóm Conan lại phát hiện ra thi thể một trong các đồ đệ của Masakage. Cậu thám tử trung học của miền Tây Hattori Heiji cũng góp sức hết mình phá án!!', NULL, 20000, 20000, NULL, 100, 'dragonball21.jpg', 5),
('Book189', 'Dragon Ball', 'Category007', 'Author001', 'Conan và các bạn được mời tới biệt thự của ảo thuật gia lừng danh Mr.Masakage. Hôm đó cũng đúng vừa tròn 10 năm kể từ khi Mr.Masakage đột nhiên biến mất. Tình cờ nhóm Conan lại phát hiện ra thi thể một trong các đồ đệ của Masakage. Cậu thám tử trung học của miền Tây Hattori Heiji cũng góp sức hết mình phá án!!', 'A5', 192, '11.3 x 17.6', '2019-03-20', 'Publish001', 'Tiếng Việt', 'Conan và các bạn được mời tới biệt thự của ảo thuật gia lừng danh Mr.Masakage. Hôm đó cũng đúng vừa tròn 10 năm kể từ khi Mr.Masakage đột nhiên biến mất. Tình cờ nhóm Conan lại phát hiện ra thi thể một trong các đồ đệ của Masakage. Cậu thám tử trung học của miền Tây Hattori Heiji cũng góp sức hết mình phá án!!', NULL, 20000, 20000, NULL, 100, 'dragonball39.jpg', 5),
('Book190', 'Shin bút chì 1', 'Category007', 'Author002', 'Conan và các bạn được mời tới biệt thự của ảo thuật gia lừng danh Mr.Masakage. Hôm đó cũng đúng vừa tròn 10 năm kể từ khi Mr.Masakage đột nhiên biến mất. Tình cờ nhóm Conan lại phát hiện ra thi thể một trong các đồ đệ của Masakage. Cậu thám tử trung học của miền Tây Hattori Heiji cũng góp sức hết mình phá án!!', 'A5', 192, '11.3 x 17.6', '2019-03-20', 'Publish001', 'Tiếng Việt', 'Conan và các bạn được mời tới biệt thự của ảo thuật gia lừng danh Mr.Masakage. Hôm đó cũng đúng vừa tròn 10 năm kể từ khi Mr.Masakage đột nhiên biến mất. Tình cờ nhóm Conan lại phát hiện ra thi thể một trong các đồ đệ của Masakage. Cậu thám tử trung học của miền Tây Hattori Heiji cũng góp sức hết mình phá án!!', NULL, 20000, 20000, NULL, 100, 'shin.jpg', 5),
('Book191', 'Shin bút chì 3', 'Category007', 'Author002', 'Conan và các bạn được mời tới biệt thự của ảo thuật gia lừng danh Mr.Masakage. Hôm đó cũng đúng vừa tròn 10 năm kể từ khi Mr.Masakage đột nhiên biến mất. Tình cờ nhóm Conan lại phát hiện ra thi thể một trong các đồ đệ của Masakage. Cậu thám tử trung học của miền Tây Hattori Heiji cũng góp sức hết mình phá án!!', 'A5', 192, '11.3 x 17.6', '2019-03-20', 'Publish001', 'Tiếng Việt', 'Conan và các bạn được mời tới biệt thự của ảo thuật gia lừng danh Mr.Masakage. Hôm đó cũng đúng vừa tròn 10 năm kể từ khi Mr.Masakage đột nhiên biến mất. Tình cờ nhóm Conan lại phát hiện ra thi thể một trong các đồ đệ của Masakage. Cậu thám tử trung học của miền Tây Hattori Heiji cũng góp sức hết mình phá án!!', NULL, 20000, 20000, NULL, 100, 'shin3.jpg', 5),
('Book192', 'Shin bút chì 27', 'Category007', 'Author002', 'Conan và các bạn được mời tới biệt thự của ảo thuật gia lừng danh Mr.Masakage. Hôm đó cũng đúng vừa tròn 10 năm kể từ khi Mr.Masakage đột nhiên biến mất. Tình cờ nhóm Conan lại phát hiện ra thi thể một trong các đồ đệ của Masakage. Cậu thám tử trung học của miền Tây Hattori Heiji cũng góp sức hết mình phá án!!', 'A5', 192, '11.3 x 17.6', '2019-03-20', 'Publish001', 'Tiếng Việt', 'Conan và các bạn được mời tới biệt thự của ảo thuật gia lừng danh Mr.Masakage. Hôm đó cũng đúng vừa tròn 10 năm kể từ khi Mr.Masakage đột nhiên biến mất. Tình cờ nhóm Conan lại phát hiện ra thi thể một trong các đồ đệ của Masakage. Cậu thám tử trung học của miền Tây Hattori Heiji cũng góp sức hết mình phá án!!', NULL, 20000, 20000, NULL, 100, 'shin27.jpg', 5),
('Book193', 'Shin bút chì 44', 'Category007', 'Author002', 'Conan và các bạn được mời tới biệt thự của ảo thuật gia lừng danh Mr.Masakage. Hôm đó cũng đúng vừa tròn 10 năm kể từ khi Mr.Masakage đột nhiên biến mất. Tình cờ nhóm Conan lại phát hiện ra thi thể một trong các đồ đệ của Masakage. Cậu thám tử trung học của miền Tây Hattori Heiji cũng góp sức hết mình phá án!!', 'A5', 192, '11.3 x 17.6', '2019-03-20', 'Publish001', 'Tiếng Việt', 'Conan và các bạn được mời tới biệt thự của ảo thuật gia lừng danh Mr.Masakage. Hôm đó cũng đúng vừa tròn 10 năm kể từ khi Mr.Masakage đột nhiên biến mất. Tình cờ nhóm Conan lại phát hiện ra thi thể một trong các đồ đệ của Masakage. Cậu thám tử trung học của miền Tây Hattori Heiji cũng góp sức hết mình phá án!!', NULL, 20000, 20000, NULL, 100, 'shin44.jpg', 5),
('Book194', 'Shin bút chì 50', 'Category007', 'Author002', 'Conan và các bạn được mời tới biệt thự của ảo thuật gia lừng danh Mr.Masakage. Hôm đó cũng đúng vừa tròn 10 năm kể từ khi Mr.Masakage đột nhiên biến mất. Tình cờ nhóm Conan lại phát hiện ra thi thể một trong các đồ đệ của Masakage. Cậu thám tử trung học của miền Tây Hattori Heiji cũng góp sức hết mình phá án!!', 'A5', 192, '11.3 x 17.6', '2019-03-20', 'Publish001', 'Tiếng Việt', 'Conan và các bạn được mời tới biệt thự của ảo thuật gia lừng danh Mr.Masakage. Hôm đó cũng đúng vừa tròn 10 năm kể từ khi Mr.Masakage đột nhiên biến mất. Tình cờ nhóm Conan lại phát hiện ra thi thể một trong các đồ đệ của Masakage. Cậu thám tử trung học của miền Tây Hattori Heiji cũng góp sức hết mình phá án!!', NULL, 20000, 20000, NULL, 100, 'shin50.jpg', 5);
INSERT INTO `books` (`BookID`, `BookName`, `CategoryID`, `AuthorID`, `Descript`, `formats`, `pages`, `dimensions`, `publicationDate`, `PublisherID`, `Languages`, `Illustrationsnote`, `OtherFormat`, `OldPrice`, `Price`, `Statuss`, `Quantity`, `FileIMG`, `ReviewStar`) VALUES
('Book195', 'Bạn chỉ sống 1 lần', 'Category006', 'Author001', 'Cuốn sách chính là tập hợp những câu chuyện, câu nói hay về cuộc sống. Những dòng triết lý ngắn gọn, nội dung hướng bạn đọc đến những suy nghĩ tích cực hơn về nhiều khía cạnh trong cuộc sống. Bạn chỉ sống có một lần chính là sự lựa chọn tốt nhất dành cho những bạn trẻ đang tìm kiếm đáp án hoàn mỹ về hạnh phúc của bản thân.', 'A5', 192, '11.3 x 17.6', '2019-03-20', 'Publish001', 'Tiếng Việt', 'Cuốn sách chính là tập hợp những câu chuyện, câu nói hay về cuộc sống. Những dòng triết lý ngắn gọn, nội dung hướng bạn đọc đến những suy nghĩ tích cực hơn về nhiều khía cạnh trong cuộc sống. Bạn chỉ sống có một lần chính là sự lựa chọn tốt nhất dành cho những bạn trẻ đang tìm kiếm đáp án hoàn mỹ về hạnh phúc của bản thân.', NULL, 55000, 55000, NULL, 100, 'banchisongco1lan.jpg', 5),
('Book196', 'Chủ nghĩa khắc kỷ', 'Category006', 'Author003', 'Cuốn sách chính là tập hợp những câu chuyện, câu nói hay về cuộc sống. Những dòng triết lý ngắn gọn, nội dung hướng bạn đọc đến những suy nghĩ tích cực hơn về nhiều khía cạnh trong cuộc sống. Bạn chỉ sống có một lần chính là sự lựa chọn tốt nhất dành cho những bạn trẻ đang tìm kiếm đáp án hoàn mỹ về hạnh phúc của bản thân.', 'A5', 192, '11.3 x 17.6', '2019-03-20', 'Publish001', 'Tiếng Việt', 'Cuốn sách chính là tập hợp những câu chuyện, câu nói hay về cuộc sống. Những dòng triết lý ngắn gọn, nội dung hướng bạn đọc đến những suy nghĩ tích cực hơn về nhiều khía cạnh trong cuộc sống. Bạn chỉ sống có một lần chính là sự lựa chọn tốt nhất dành cho những bạn trẻ đang tìm kiếm đáp án hoàn mỹ về hạnh phúc của bản thân.', NULL, 55000, 55000, NULL, 100, 'chunghiakhacky.jpg', 5),
('Book197', 'Đắc nhân tâm', 'Category006', 'Author003', 'Cuốn sách chính là tập hợp những câu chuyện, câu nói hay về cuộc sống. Những dòng triết lý ngắn gọn, nội dung hướng bạn đọc đến những suy nghĩ tích cực hơn về nhiều khía cạnh trong cuộc sống. Bạn chỉ sống có một lần chính là sự lựa chọn tốt nhất dành cho những bạn trẻ đang tìm kiếm đáp án hoàn mỹ về hạnh phúc của bản thân.', 'A5', 192, '11.3 x 17.6', '2019-03-20', 'Publish001', 'Tiếng Việt', 'Cuốn sách chính là tập hợp những câu chuyện, câu nói hay về cuộc sống. Những dòng triết lý ngắn gọn, nội dung hướng bạn đọc đến những suy nghĩ tích cực hơn về nhiều khía cạnh trong cuộc sống. Bạn chỉ sống có một lần chính là sự lựa chọn tốt nhất dành cho những bạn trẻ đang tìm kiếm đáp án hoàn mỹ về hạnh phúc của bản thân.', NULL, 55000, 55000, NULL, 100, 'dacnhantam.jpg', 5),
('Book198', 'Trồng hạnh phúc', 'Category006', 'Author007', 'Cuốn sách chính là tập hợp những câu chuyện, câu nói hay về cuộc sống. Những dòng triết lý ngắn gọn, nội dung hướng bạn đọc đến những suy nghĩ tích cực hơn về nhiều khía cạnh trong cuộc sống. Bạn chỉ sống có một lần chính là sự lựa chọn tốt nhất dành cho những bạn trẻ đang tìm kiếm đáp án hoàn mỹ về hạnh phúc của bản thân.', 'A5', 192, '11.3 x 17.6', '2019-03-20', 'Publish001', 'Tiếng Việt', 'Cuốn sách chính là tập hợp những câu chuyện, câu nói hay về cuộc sống. Những dòng triết lý ngắn gọn, nội dung hướng bạn đọc đến những suy nghĩ tích cực hơn về nhiều khía cạnh trong cuộc sống. Bạn chỉ sống có một lần chính là sự lựa chọn tốt nhất dành cho những bạn trẻ đang tìm kiếm đáp án hoàn mỹ về hạnh phúc của bản thân.', NULL, 55000, 55000, NULL, 100, 'gieotronghanhphuc.jpg', 5),
('Book199', 'Kỷ luật tự giác', 'Category006', 'Author009', 'Cuốn sách chính là tập hợp những câu chuyện, câu nói hay về cuộc sống. Những dòng triết lý ngắn gọn, nội dung hướng bạn đọc đến những suy nghĩ tích cực hơn về nhiều khía cạnh trong cuộc sống. Bạn chỉ sống có một lần chính là sự lựa chọn tốt nhất dành cho những bạn trẻ đang tìm kiếm đáp án hoàn mỹ về hạnh phúc của bản thân.', 'A5', 192, '11.3 x 17.6', '2019-03-20', 'Publish001', 'Tiếng Việt', 'Cuốn sách chính là tập hợp những câu chuyện, câu nói hay về cuộc sống. Những dòng triết lý ngắn gọn, nội dung hướng bạn đọc đến những suy nghĩ tích cực hơn về nhiều khía cạnh trong cuộc sống. Bạn chỉ sống có một lần chính là sự lựa chọn tốt nhất dành cho những bạn trẻ đang tìm kiếm đáp án hoàn mỹ về hạnh phúc của bản thân.', NULL, 55000, 55000, NULL, 100, 'kyluattugiac.jpg', 5),
('Book200', 'Nghiệp tình yêu', 'Category006', 'Author008', 'Cuốn sách chính là tập hợp những câu chuyện, câu nói hay về cuộc sống. Những dòng triết lý ngắn gọn, nội dung hướng bạn đọc đến những suy nghĩ tích cực hơn về nhiều khía cạnh trong cuộc sống. Bạn chỉ sống có một lần chính là sự lựa chọn tốt nhất dành cho những bạn trẻ đang tìm kiếm đáp án hoàn mỹ về hạnh phúc của bản thân.', 'A5', 192, '11.3 x 17.6', '2019-03-20', 'Publish001', 'Tiếng Việt', 'Cuốn sách chính là tập hợp những câu chuyện, câu nói hay về cuộc sống. Những dòng triết lý ngắn gọn, nội dung hướng bạn đọc đến những suy nghĩ tích cực hơn về nhiều khía cạnh trong cuộc sống. Bạn chỉ sống có một lần chính là sự lựa chọn tốt nhất dành cho những bạn trẻ đang tìm kiếm đáp án hoàn mỹ về hạnh phúc của bản thân.', NULL, 55000, 55000, NULL, 100, 'nghieptinhyeu.jpg', 5),
('Book201', 'Người nam châm', 'Category006', 'Author008', 'Cuốn sách chính là tập hợp những câu chuyện, câu nói hay về cuộc sống. Những dòng triết lý ngắn gọn, nội dung hướng bạn đọc đến những suy nghĩ tích cực hơn về nhiều khía cạnh trong cuộc sống. Bạn chỉ sống có một lần chính là sự lựa chọn tốt nhất dành cho những bạn trẻ đang tìm kiếm đáp án hoàn mỹ về hạnh phúc của bản thân.', 'A5', 192, '11.3 x 17.6', '2019-03-20', 'Publish001', 'Tiếng Việt', 'Cuốn sách chính là tập hợp những câu chuyện, câu nói hay về cuộc sống. Những dòng triết lý ngắn gọn, nội dung hướng bạn đọc đến những suy nghĩ tích cực hơn về nhiều khía cạnh trong cuộc sống. Bạn chỉ sống có một lần chính là sự lựa chọn tốt nhất dành cho những bạn trẻ đang tìm kiếm đáp án hoàn mỹ về hạnh phúc của bản thân.', NULL, 55000, 55000, NULL, 100, 'nguoinamcham.jpg', 5),
('Book202', 'Sức mạnh tiềm thức', 'Category006', 'Author005', 'Cuốn sách chính là tập hợp những câu chuyện, câu nói hay về cuộc sống. Những dòng triết lý ngắn gọn, nội dung hướng bạn đọc đến những suy nghĩ tích cực hơn về nhiều khía cạnh trong cuộc sống. Bạn chỉ sống có một lần chính là sự lựa chọn tốt nhất dành cho những bạn trẻ đang tìm kiếm đáp án hoàn mỹ về hạnh phúc của bản thân.', 'A5', 192, '11.3 x 17.6', '2019-03-20', 'Publish001', 'Tiếng Việt', 'Cuốn sách chính là tập hợp những câu chuyện, câu nói hay về cuộc sống. Những dòng triết lý ngắn gọn, nội dung hướng bạn đọc đến những suy nghĩ tích cực hơn về nhiều khía cạnh trong cuộc sống. Bạn chỉ sống có một lần chính là sự lựa chọn tốt nhất dành cho những bạn trẻ đang tìm kiếm đáp án hoàn mỹ về hạnh phúc của bản thân.', NULL, 129000, 129000, NULL, 100, 'sucmanhtiemthuc.jpg', 5),
('Book203', 'Tâm lý học tính cách', 'Category006', 'Author004', 'Cuốn sách chính là tập hợp những câu chuyện, câu nói hay về cuộc sống. Những dòng triết lý ngắn gọn, nội dung hướng bạn đọc đến những suy nghĩ tích cực hơn về nhiều khía cạnh trong cuộc sống. Bạn chỉ sống có một lần chính là sự lựa chọn tốt nhất dành cho những bạn trẻ đang tìm kiếm đáp án hoàn mỹ về hạnh phúc của bản thân.', 'A5', 192, '11.3 x 17.6', '2019-03-20', 'Publish001', 'Tiếng Việt', 'Cuốn sách chính là tập hợp những câu chuyện, câu nói hay về cuộc sống. Những dòng triết lý ngắn gọn, nội dung hướng bạn đọc đến những suy nghĩ tích cực hơn về nhiều khía cạnh trong cuộc sống. Bạn chỉ sống có một lần chính là sự lựa chọn tốt nhất dành cho những bạn trẻ đang tìm kiếm đáp án hoàn mỹ về hạnh phúc của bản thân.', NULL, 129000, 129000, NULL, 100, 'tamlyhoctinhcach.jpg', 5),
('Book204', 'Thay đổi cuộc sống', 'Category006', 'Author004', 'Cuốn sách chính là tập hợp những câu chuyện, câu nói hay về cuộc sống. Những dòng triết lý ngắn gọn, nội dung hướng bạn đọc đến những suy nghĩ tích cực hơn về nhiều khía cạnh trong cuộc sống. Bạn chỉ sống có một lần chính là sự lựa chọn tốt nhất dành cho những bạn trẻ đang tìm kiếm đáp án hoàn mỹ về hạnh phúc của bản thân.', 'A5', 192, '11.3 x 17.6', '2019-03-20', 'Publish001', 'Tiếng Việt', 'Cuốn sách chính là tập hợp những câu chuyện, câu nói hay về cuộc sống. Những dòng triết lý ngắn gọn, nội dung hướng bạn đọc đến những suy nghĩ tích cực hơn về nhiều khía cạnh trong cuộc sống. Bạn chỉ sống có một lần chính là sự lựa chọn tốt nhất dành cho những bạn trẻ đang tìm kiếm đáp án hoàn mỹ về hạnh phúc của bản thân.', NULL, 129000, 129000, NULL, 100, 'thaydoicuocsongvoinhansohoc.jpg', 5),
('Book205', 'Tư duy phản biện', 'Category006', 'Author004', 'Cuốn sách chính là tập hợp những câu chuyện, câu nói hay về cuộc sống. Những dòng triết lý ngắn gọn, nội dung hướng bạn đọc đến những suy nghĩ tích cực hơn về nhiều khía cạnh trong cuộc sống. Bạn chỉ sống có một lần chính là sự lựa chọn tốt nhất dành cho những bạn trẻ đang tìm kiếm đáp án hoàn mỹ về hạnh phúc của bản thân.', 'A5', 192, '11.3 x 17.6', '2019-03-20', 'Publish001', 'Tiếng Việt', 'Cuốn sách chính là tập hợp những câu chuyện, câu ni hay về cuộc sống. Những dòng triết lý ngắn gọn, nội dung hướng bạn đọc đến những suy nghĩ tích cực hơn về nhiều khía cạnh trong cuộc sống. Bạn chỉ sống có một lần chính là sự lựa chọn tốt nhất dành cho những bạn trẻ đang tìm kiếm đáp án hoàn mỹ về hạnh phúc của bản thân.', NULL, 129000, 129000, NULL, 100, 'tuduyphanbien.jpg', 5),
('Book206', 'Tuổi trẻ đáng giá', 'Category006', 'Author004', 'Cuốn sách chính là tập hợp những câu chuyện, câu nói hay về cuộc sống. Những dòng triết lý ngắn gọn, nội dung hướng bạn đọc đến những suy nghĩ tích cực hơn về nhiều khía cạnh trong cuộc sống. Bạn chỉ sống có một lần chính là sự lựa chọn tốt nhất dành cho những bạn trẻ đang tìm kiếm đáp án hoàn mỹ về hạnh phúc của bản thân.', 'A5', 192, '11.3 x 17.6', '2019-03-20', 'Publish001', 'Tiếng Việt', 'Cuốn sách chính là tập hợp những câu chuyện, câu nói hay về cuộc sống. Những dòng triết lý ngắn gọn, nội dung hướng bạn đọc đến những suy nghĩ tích cực hơn về nhiều khía cạnh trong cuộc sống. Bạn chỉ sống có một lần chính là sự lựa chọn tốt nhất dành cho những bạn trẻ đang tìm kiếm đáp án hoàn mỹ về hạnh phúc của bản thân.', NULL, 82000, 82000, NULL, 100, 'tuoitredanggiabaonhieu.jpg', 5),
('Book207', 'Trồng hạnh phúc', 'Category006', 'Author007', 'Cuốn sách chính là tập hợp những câu chuyện, câu nói hay về cuộc sống. Những dòng triết lý ngắn gọn, nội dung hướng bạn đọc đến những suy nghĩ tích cực hơn về nhiều khía cạnh trong cuộc sống. Bạn chỉ sống có một lần chính là sự lựa chọn tốt nhất dành cho những bạn trẻ đang tìm kiếm đáp án hoàn mỹ về hạnh phúc của bản thân.', 'A5', 192, '11.3 x 17.6', '2019-03-20', 'Publish001', 'Tiếng Việt', 'Cuốn sách chính là tập hợp những câu chuyện, câu nói hay về cuộc sống. Những dòng triết lý ngắn gọn, nội dung hướng bạn đọc đến những suy nghĩ tích cực hơn về nhiều khía cạnh trong cuộc sống. Bạn chỉ sống có một lần chính là sự lựa chọn tốt nhất dành cho những bạn trẻ đang tìm kiếm đáp án hoàn mỹ về hạnh phúc của bản thân.', NULL, 55000, 55000, NULL, 100, 'gieotronghanhphuc.jpg', 5),
('Book208', '999 lá mùa thu', 'Category005', 'Author004', 'Cuốn sách chính là tập hợp những câu chuyện, câu nói hay về cuộc sống. Những dòng triết lý ngắn gọn, nội dung hướng bạn đọc đến những suy nghĩ tích cực hơn về nhiều khía cạnh trong cuộc sống. Bạn chỉ sống có một lần chính là sự lựa chọn tốt nhất dành cho những bạn trẻ đang tìm kiếm đáp án hoàn mỹ về hạnh phúc của bản thân.', 'A5', 192, '11.3 x 17.6', '2019-03-20', 'Publish001', 'Tiếng Việt', 'Cuốn sách chính là tập hợp những câu chuyện, câu nói hay về cuộc sống. Những dòng triết lý ngắn gọn, nội dung hướng bạn đọc đến những suy nghĩ tích cực hơn về nhiều khía cạnh trong cuộc sống. Bạn chỉ sống có một lần chính là sự lựa chọn tốt nhất dành cho những bạn trẻ đang tìm kiếm đáp án hoàn mỹ về hạnh phúc của bản thân.', NULL, 320000, 320000, NULL, 100, '999lathu.jpg', 5),
('Book209', 'Bố già', 'Category005', 'Author006', 'Cuốn sách chính là tập hợp những câu chuyện, câu nói hay về cuộc sống. Những dòng triết lý ngắn gọn, nội dung hướng bạn đọc đến những suy nghĩ tích cực hơn về nhiều khía cạnh trong cuộc sống. Bạn chỉ sống có một lần chính là sự lựa chọn tốt nhất dành cho những bạn trẻ đang tìm kiếm đáp án hoàn mỹ về hạnh phúc của bản thân.', 'A5', 192, '11.3 x 17.6', '2019-03-20', 'Publish001', 'Tiếng Việt', 'Cuốn sách chính là tập hợp những câu chuyện, câu nói hay về cuộc sống. Những dòng triết lý ngắn gọn, nội dung hướng bạn đọc đến những suy nghĩ tích cực hơn về nhiều khía cạnh trong cuộc sống. Bạn chỉ sống có một lần chính là sự lựa chọn tốt nhất dành cho những bạn trẻ đang tìm kiếm đáp án hoàn mỹ về hạnh phúc của bản thân.', NULL, 320000, 320000, NULL, 100, 'Bogia.jpg', 5),
('Book210', 'Cảm ơn người lớn', 'Category005', 'Author006', 'Cuốn sách chính là tập hợp những câu chuyện, câu nói hay về cuộc sống. Những dòng triết lý ngắn gọn, nội dung hướng bạn đọc đến những suy nghĩ tích cực hơn về nhiều khía cạnh trong cuộc sống. Bạn chỉ sống có một lần chính là sự lựa chọn tốt nhất dành cho những bạn trẻ đang tìm kiếm đáp án hoàn mỹ về hạnh phúc của bản thân.', 'A5', 192, '11.3 x 17.6', '2019-03-20', 'Publish001', 'Tiếng Việt', 'Cuốn sách chính là tập hợp những câu chuyện, câu nói hay về cuộc sống. Những dòng triết lý ngắn gọn, nội dung hướng bạn đọc đến những suy nghĩ tích cực hơn về nhiều khía cạnh trong cuộc sống. Bạn chỉ sống có một lần chính là sự lựa chọn tốt nhất dành cho những bạn trẻ đang tìm kiếm đáp án hoàn mỹ về hạnh phúc của bản thân.', NULL, 74000, 74000, NULL, 100, 'baitaptinhoc.jpg', 5),
('Book211', 'Cây cam ngọt của tôi', 'Category005', 'Author006', 'Cuốn sách chính là tập hợp những câu chuyện, câu nói hay về cuộc sống. Những dòng triết lý ngắn gọn, nội dung hướng bạn đọc đến những suy nghĩ tích cực hơn về nhiều khía cạnh trong cuộc sống. Bạn chỉ sống có một lần chính là sự lựa chọn tốt nhất dành cho những bạn trẻ đang tìm kiếm đáp án hoàn mỹ về hạnh phúc của bản thân.', 'A5', 192, '11.3 x 17.6', '2019-03-20', 'Publish001', 'Tiếng Việt', 'Cuốn sách chính là tập hợp những câu chuyện, câu nói hay về cuộc sống. Những dòng triết lý ngắn gọn, nội dung hướng bạn đọc đến những suy nghĩ tích cực hơn về nhiều khía cạnh trong cuộc sống. Bạn chỉ sống có một lần chính là sự lựa chọn tốt nhất dành cho những bạn trẻ đang tìm kiếm đáp án hoàn mỹ về hạnh phúc của bản thân.', NULL, 74000, 74000, NULL, 100, 'caycamngotcuatoi.jpg', 5),
('Book212', 'Cho xin vé về tuổi thơ', 'Category006', 'Author005', 'Cuốn sách chính là tập hợp những câu chuyện, câu nói hay về cuộc sống. Những dòng triết lý ngắn gọn, nội dung hướng bạn đọc đến những suy nghĩ tích cực hơn về nhiều khía cạnh trong cuộc sống. Bạn chỉ sống có một lần chính là sự lựa chọn tốt nhất dành cho những bạn trẻ đang tìm kiếm đáp án hoàn mỹ về hạnh phúc của bản thân.', 'A5', 192, '11.3 x 17.6', '2019-03-20', 'Publish001', 'Tiếng Việt', 'Cuốn sách chính là tập hợp những câu chuyện, câu nói hay về cuộc sống. Những dòng triết lý ngắn gọn, nội dung hướng bạn đọc đến những suy nghĩ tích cực hơn về nhiều khía cạnh trong cuộc sống. Bạn chỉ sống có một lần chính là sự lựa chọn tốt nhất dành cho những bạn trẻ đang tìm kiếm đáp án hoàn mỹ về hạnh phúc của bản thân.', NULL, 82000, 82000, NULL, 100, 'timemnoianh.jpg', 5),
('Book213', 'Đau ơi bay đi', 'Category006', 'Author006', 'Cuốn sách chính là tập hợp những câu chuyện, câu nói hay về cuộc sống. Những dòng triết lý ngắn gọn, nội dung hướng bạn đọc đến những suy nghĩ tích cực hơn về nhiều khía cạnh trong cuộc sống. Bạn chỉ sống có một lần chính là sự lựa chọn tốt nhất dành cho những bạn trẻ đang tìm kiếm đáp án hoàn mỹ về hạnh phúc của bản thân.', 'A5', 192, '11.3 x 17.6', '2019-03-20', 'Publish001', 'Tiếng Việt', 'Cuốn sách chính là tập hợp những câu chuyện, câu nói hay về cuộc sống. Những dòng triết lý ngắn gọn, nội dung hướng bạn đọc đến những suy nghĩ tích cực hơn về nhiều khía cạnh trong cuộc sống. Bạn chỉ sống có một lần chính là sự lựa chọn tốt nhất dành cho những bạn trẻ đang tìm kiếm đáp án hoàn mỹ về hạnh phúc của bản thân.', NULL, 82000, 82000, NULL, 100, 'dauoibaydi.jpg', 5),
('Book214', 'Điều kỳ diệu', 'Category006', 'Author006', 'Cuốn sách chính là tập hợp những câu chuyện, câu nói hay về cuộc sống. Những dòng triết lý ngắn gọn, nội dung hướng bạn đọc đến những suy nghĩ tích cực hơn về nhiều khía cạnh trong cuộc sống. Bạn chỉ sống có một lần chính là sự lựa chọn tốt nhất dành cho những bạn trẻ đang tìm kiếm đáp án hoàn mỹ về hạnh phúc của bản thân.', 'A5', 192, '11.3 x 17.6', '2019-03-20', 'Publish001', 'Tiếng Việt', 'Cuốn sách chính là tập hợp những câu chuyện, câu nói hay về cuộc sống. Những dòng triết lý ngắn gọn, nội dung hướng bạn đọc đến những suy nghĩ tích cực hơn về nhiều khía cạnh trong cuộc sống. Bạn chỉ sống có một lần chính là sự lựa chọn tốt nhất dành cho những bạn trẻ đang tìm kiếm đáp án hoàn mỹ về hạnh phúc của bản thân.', NULL, 82000, 82000, NULL, 100, 'fantasticflyers.jpg', 5),
('Book215', 'Gọi em bằng tên anh', 'Category006', 'Author006', 'Cuốn sách chính là tập hợp những câu chuyện, câu nói hay về cuộc sống. Những dòng triết lý ngắn gọn, nội dung hướng bạn đọc đến những suy nghĩ tích cực hơn về nhiều khía cạnh trong cuộc sống. Bạn chỉ sống có một lần chính là sự lựa chọn tốt nhất dành cho những bạn trẻ đang tìm kiếm đáp án hoàn mỹ về hạnh phúc của bản thân.', 'A5', 192, '11.3 x 17.6', '2019-03-20', 'Publish001', 'Tiếng Việt', 'Cuốn sách chính là tập hợp những câu chuyện, câu nói hay về cuộc sống. Những dòng triết lý ngắn gọn, nội dung hướng bạn đọc đến những suy nghĩ tích cực hơn về nhiều khía cạnh trong cuộc sống. Bạn chỉ sống có một lần chính là sự lựa chọn tốt nhất dành cho những bạn trẻ đang tìm kiếm đáp án hoàn mỹ về hạnh phúc của bản thân.', NULL, 82000, 82000, NULL, 100, 'timemnoianh.jpg', 5),
('Book216', 'Hai đứa trẻ', 'Category006', 'Author007', 'Cuốn sách chính là tập hợp những câu chuyện, câu nói hay về cuộc sống. Những dòng triết lý ngắn gọn, nội dung hướng bạn đọc đến những suy nghĩ tích cực hơn về nhiều khía cạnh trong cuộc sống. Bạn chỉ sống có một lần chính là sự lựa chọn tốt nhất dành cho những bạn trẻ đang tìm kiếm đáp án hoàn mỹ về hạnh phúc của bản thân.', 'A5', 192, '11.3 x 17.6', '2019-03-20', 'Publish001', 'Tiếng Việt', 'Cuốn sách chính là tập hợp những câu chuyện, câu nói hay về cuộc sống. Những dòng triết lý ngắn gọn, nội dung hướng bạn đọc đến những suy nghĩ tích cực hơn về nhiều khía cạnh trong cuộc sống. Bạn chỉ sống có một lần chính là sự lựa chọn tốt nhất dành cho những bạn trẻ đang tìm kiếm đáp án hoàn mỹ về hạnh phúc của bản thân.', NULL, 82000, 82000, NULL, 100, 'haiduatre.jpg', 5),
('Book217', 'Mục đích sống', 'Category006', 'Author007', 'Cuốn sách chính là tập hợp những câu chuyện, câu nói hay về cuộc sống. Những dòng triết lý ngắn gọn, nội dung hướng bạn đọc đến những suy nghĩ tích cực hơn về nhiều khía cạnh trong cuộc sống. Bạn chỉ sống có một lần chính là sự lựa chọn tốt nhất dành cho những bạn trẻ đang tìm kiếm đáp án hoàn mỹ về hạnh phúc của bản thân.', 'A5', 192, '11.3 x 17.6', '2019-03-20', 'Publish001', 'Tiếng Việt', 'Cuốn sách chính là tập hợp những câu chuyện, câu nói hay về cuộc sống. Những dòng triết lý ngắn gọn, nội dung hướng bạn đọc đến những suy nghĩ tích cực hơn về nhiều khía cạnh trong cuộc sống. Bạn chỉ sống có một lần chính là sự lựa chọn tốt nhất dành cho những bạn trẻ đang tìm kiếm đáp án hoàn mỹ về hạnh phúc của bản thân.', NULL, 82000, 82000, NULL, 100, 'mucdichsong.jpg', 5),
('Book218', 'Lì quá để nói quài', 'Category006', 'Author007', 'Cuốn sách chính là tập hợp những câu chuyện, câu nói hay về cuộc sống. Những dòng triết lý ngắn gọn, nội dung hướng bạn đọc đến những suy nghĩ tích cực hơn về nhiều khía cạnh trong cuộc sống. Bạn chỉ sống có một lần chính là sự lựa chọn tốt nhất dành cho những bạn trẻ đang tìm kiếm đáp án hoàn mỹ về hạnh phúc của bản thân.', 'A5', 192, '11.3 x 17.6', '2019-03-20', 'Publish001', 'Tiếng Việt', 'Cuốn sách chính là tập hợp những câu chuyện, câu nói hay về cuộc sống. Những dòng triết lý ngắn gọn, nội dung hướng bạn đọc đến những suy nghĩ tích cực hơn về nhiều khía cạnh trong cuộc sống. Bạn chỉ sống có một lần chính là sự lựa chọn tốt nhất dành cho những bạn trẻ đang tìm kiếm đáp án hoàn mỹ về hạnh phúc của bản thân.', NULL, 82000, 82000, NULL, 100, 'liquadenoiquai.jpg', 5),
('Book219', 'Thơ Xuân Diệu', 'Category006', 'Author008', 'Cuốn sách chính là tập hợp những câu chuyện, câu nói hay về cuộc sống. Những dòng triết lý ngắn gọn, nội dung hướng bạn đọc đến những suy nghĩ tích cực hơn về nhiều khía cạnh trong cuộc sống. Bạn chỉ sống có một lần chính là sự lựa chọn tốt nhất dành cho những bạn trẻ đang tìm kiếm đáp án hoàn mỹ về hạnh phúc của bản thân.', 'A5', 192, '11.3 x 17.6', '2019-03-20', 'Publish001', 'Tiếng Việt', 'Cuốn sách chính là tập hợp những câu chuyện, câu nói hay về cuộc sống. Những dòng triết lý ngắn gọn, nội dung hướng bạn đọc đến những suy nghĩ tích cực hơn về nhiều khía cạnh trong cuộc sống. Bạn chỉ sống có một lần chính là sự lựa chọn tốt nhất dành cho những bạn trẻ đang tìm kiếm đáp án hoàn mỹ về hạnh phúc của bản thân.', NULL, 82000, 82000, NULL, 100, 'thoxuandieu.jpg', 5),
('Book220', 'Tìm em nơi anh', 'Category006', 'Author008', 'Cuốn sách chính là tập hợp những câu chuyện, câu nói hay về cuộc sống. Những dòng triết lý ngắn gọn, nội dung hướng bạn đọc đến những suy nghĩ tích cực hơn về nhiều khía cạnh trong cuộc sống. Bạn chỉ sống có một lần chính là sự lựa chọn tốt nhất dành cho những bạn trẻ đang tìm kiếm đáp án hoàn mỹ về hạnh phúc của bản thân.', 'A5', 192, '11.3 x 17.6', '2019-03-20', 'Publish001', 'Tiếng Việt', 'Cuốn sách chính là tập hợp những câu chuyện, câu nói hay về cuộc sống. Những dòng triết lý ngắn gọn, nội dung hướng bạn đọc đến những suy nghĩ tích cực hơn về nhiều khía cạnh trong cuộc sống. Bạn chỉ sống có một lần chính là sự lựa chọn tốt nhất dành cho những bạn trẻ đang tìm kiếm đáp án hoàn mỹ về hạnh phúc của bản thân.', NULL, 82000, 82000, NULL, 100, 'timemnoianh.jpg', 5),
('Book221', 'Số đỏ', 'Category006', 'Author009', 'Cuốn sách chính là tập hợp những câu chuyện, câu nói hay về cuộc sống. Những dòng triết lý ngắn gọn, nội dung hướng bạn đọc đến những suy nghĩ tích cực hơn về nhiều khía cạnh trong cuộc sống. Bạn chỉ sống có một lần chính là sự lựa chọn tốt nhất dành cho những bạn trẻ đang tìm kiếm đáp án hoàn mỹ về hạnh phúc của bản thân.', 'A5', 192, '11.3 x 17.6', '2019-03-20', 'Publish001', 'Tiếng Việt', 'Cuốn sách chính là tập hợp những câu chuyện, câu nói hay về cuộc sống. Những dòng triết lý ngắn gọn, nội dung hướng bạn đọc đến những suy nghĩ tích cực hơn về nhiều khía cạnh trong cuộc sống. Bạn chỉ sống có một lần chính là sự lựa chọn tốt nhất dành cho những bạn trẻ đang tìm kiếm đáp án hoàn mỹ về hạnh phúc của bản thân.', NULL, 82000, 82000, NULL, 100, 'sodo.jpg', 5),
('Book222', 'Combo sách HanniBal', 'Category001', 'Author009', 'Cuốn sách chính là tập hợp những câu chuyện, câu nói hay về cuộc sống. Những dòng triết lý ngắn gọn, nội dung hướng bạn đọc đến những suy nghĩ tích cực hơn về nhiều khía cạnh trong cuộc sống. Bạn chỉ sống có một lần chính là sự lựa chọn tốt nhất dành cho những bạn trẻ đang tìm kiếm đáp án hoàn mỹ về hạnh phúc của bản thân.', 'A5', 192, '11.3 x 17.6', '2019-03-20', 'Publish001', 'Tiếng Việt', 'Cuốn sách chính là tập hợp những câu chuyện, câu nói hay về cuộc sống. Những dòng triết lý ngắn gọn, nội dung hướng bạn đọc đến những suy nghĩ tích cực hơn về nhiều khía cạnh trong cuộc sống. Bạn chỉ sống có một lần chính là sự lựa chọn tốt nhất dành cho những bạn trẻ đang tìm kiếm đáp án hoàn mỹ về hạnh phúc của bản thân.', NULL, 82000, 82000, NULL, 100, 'combosachhannibal.jpg', 5),
('Book223', 'động từ bất quy tắc', 'Category002', 'Author009', 'Cuốn sách giúp người đọc ghi nhớ và biết cách sử dụng chính xác các động từ bất quy tắc cũng như cách dùng các thì trong tiếng Anh. \r\nNội dung sách bao gồm 2 phần cụ thể: Phần 1 giới thiệu bảng 600 động từ bất quy tắc trong tiếng Anh kèm phiên âm và dịch nghĩa được trình bày cụ thể và khoa học, giúp người học dễ dàng nắm bắt và sử dụng; Phần 2 giới thiệu cách sử dụng các thì trong tiếng Anh kèm bài tập vận dụng.\r\nCó thể nói, đây là cuốn sách hữu ích, giúp người học tiếng Anh bước qua trở ngại về ngữ pháp, trong đó có vấn đề ghi nhớ các động từ bất quy tắc và cách ứng dụng các thì trong tiếng Anh, nhằm từng bước nâng cao khả năng tiếng Anh của mình.', 'A5', 124, '14.5 x 20.5', '2019-04-20', 'Publish003', 'Tiếng Việt', 'Cuốn sách giúp người đọc ghi nhớ và biết cách sử dụng chính xác các động từ bất quy tắc cũng như cách dùng các thì trong tiếng Anh. \r\nNội dung sách bao gồm 2 phần cụ thể: Phần 1 giới thiệu bảng 600 động từ bất quy tắc trong tiếng Anh kèm phiên âm và dịch nghĩa được trình bày cụ thể và khoa học, giúp người học dễ dàng nắm bắt và sử dụng; Phần 2 giới thiệu cách sử dụng các thì trong tiếng Anh kèm bài tập vận dụng.\r\nCó thể nói, đây là cuốn sách hữu ích, giúp người học tiếng Anh bước qua trở ngại về ngữ pháp, trong đó có vấn đề ghi nhớ các động từ bất quy tắc và cách ứng dụng các thì trong tiếng Anh, nhằm từng bước nâng cao khả năng tiếng Anh của mình.', NULL, 33000, 33000, NULL, 150, '600dongtubatquytac.jpg', 5),
('Book224', '2000 từ vựng TA', 'Category002', 'Author009', 'Nhà ngôn ngữ học nổi tiếng D.A.Wilkins đã nói rằng “Without grammar, very little can be conveyed; without vocabulary, nothing can be conveyed.” (Không có ngữ pháp, rất ít thông tin có thể được truyền đạt; Không có từ vựng, không một thông tin nào có thể được truyền đạt cả). Vì thế, trong việc học một ngoại ngữ, thì từ vựng có thể xem như các tế bào nhỏ hình thành nên khả năng sử dụng ngoại ngữ của người học.', 'A5', 260, '14.5 x 9.5', '2019-02-20', 'Publish003', 'Tiếng Việt', 'Trong việc học một ngoại ngữ, thì từ vựng có thể xem như các tế bào nhỏ hình thành nên khả năng sử dụng ngoại ngữ của người học.', NULL, 33000, 33000, NULL, 150, '2000tutienganh.jpg', 5),
('Book225', 'Ngữ pháp Tiếng Hàn', 'Category002', 'Author009', 'Thời gian gần đây, việc dạy và học tiếng Hàn đã trở nên phổ biến không những ở các nước trên thế giới như Mỹ, Anh, Pháp mà cả ở Việt Nam chúng ta. Số lượng người theo học tiếng Hàn đã tăng nhanh một cách đáng kể. Tuy nhiên, số sách dạy tiếng Hàn dành cho những người theo học tại các cơ sở đào tạo hay tự học tại nhà vẫn còn hạn chế. Xuất phát từ nhu cầu đó, đội ngũ biên soạn đã cố gắng tìm tòi và nghiên cứu để có thể mang đến cho bạn đọc một bộ sách học và luyện tập tiếng Hàn một cách chỉn chu nhất. Bộ sách gồm hai quyển: Bài tập ngữ pháp tiếng Hàn - Trình độ căn bản và Bài tập ngữ pháp tiếng Hàn - Trình độ nâng cao, tập trung giải thích các điểm ngữ pháp tiếng Hàn ở cả hai trình độ căn bản và nâng cao cùng những bài tập liên quan để người học có cơ hội luyện tập và củng cố kiến thức của mình về ngữ pháp.', 'A5', 297, '24 x 16', '2016-02-22', 'Publish003', 'Tiếng Việt', ' Bài tập ngữ pháp tiếng Hàn - Trình độ căn bản và Bài tập ngữ pháp tiếng Hàn - Trình độ nâng cao, tập trung giải thích các điểm ngữ pháp tiếng Hàn ở cả hai trình độ căn bản và nâng cao cùng những bài tập liên quan để người học có cơ hội luyện tập và củng cố kiến thức của mình về ngữ pháp.', NULL, 58000, 58000, NULL, 125, 'baitaptinhoc.jpg', 5),
('Book226', 'Fantastic Flyers', 'Category002', 'Author009', 'Fantastic Flyers là một khóa học chuẩn bị lý tưởng cho kỳ thi Cambridge English: Young Learners Movers. Fantastic Flyers phiên bản thứ 2 đã được sửa đổi và cập nhật rộng rãi cho giáo trình năm 2018 với các tác phẩm nghệ thuật mới lấp lánh và tài nguyên giáo viên bổ sung, bao gồm cả tài liệu cho Interactive Whiteboard. Fantastic Flyers không chỉ là một khóa học luyện thi. Nó đặc biệt chú trọng vào việc làm cho việc học tiếng Anh và chuẩn bị cho bài kiểm tra trở nên thú vị!', 'A5', 84, '21 x 29.7', '2020-12-22', 'Publish003', 'Tiếng Anh', 'Fantastic Flyers phiên bản thứ 2 đã được sửa đổi và cập nhật rộng rãi cho giáo trình năm 2018 với các tác phẩm nghệ thuật mới lấp lánh và tài nguyên giáo viên bổ sung, bao gồm cả tài liệu cho Interactive Whiteboard. Fantastic Flyers không chỉ là một khóa học luyện thi. Nó đặc biệt chú trọng vào việc làm cho việc học tiếng Anh và chuẩn bị cho bài kiểm tra trở nên thú vị!', NULL, 95000, 95000, NULL, 80, 'fantasticflyers.jpg', 5),
('Book227', 'Hackers Ielts Basic', 'Category002', 'Author004', 'Gamma Books đã cho ra mắt bộ sách Hackers IELTS Basic gồm bốn kĩ năng: Listening – Reading – Speaking – Writing nhằm giúp người học xây dựng được chiến lược học tập hiệu quả và rèn luyện các kĩ năng từ bước cơ bản nhất. Bộ sách sẽ là công cụ hữu ích giúp người học tiếp cận với IELTS theo cách đơn giản đến không ngờ.', 'A5', 448, '24 x 16 ', '2021-10-22', 'Publish005', 'Tiếng Việt', 'Gamma Books đã cho ra mắt bộ sách Hackers IELTS Basic gồm bốn kĩ năng: Listening – Reading – Speaking – Writing nhằm giúp người học xây dựng được chiến lược học tập hiệu quả và rèn luyện các kĩ năng từ bước cơ bản nhất. Bộ sách sẽ là công cụ hữu ích giúp người học tiếp cận với IELTS theo cách đơn giản đến không ngờ.', NULL, 137000, 137000, NULL, 180, 'ieltslistening.jpg', 5),
('Book228', 'Hackers Ielts', 'Category001', 'Author004', 'Gamma Books đã cho ra mắt bộ sách Hackers IELTS Basic gồm bốn kĩ năng: Listening – Reading – Speaking – Writing nhằm giúp người học xây dựng được chiến lược học tập hiệu quả và rèn luyện các kĩ năng từ bước cơ bản nhất. Bộ sách sẽ là công cụ hữu ích giúp người học tiếp cận với IELTS theo cách đơn giản đến không ngờ.', 'A5', 448, '24 x 16 ', '2021-10-22', 'Publish005', 'Tiếng Việt', 'Gamma Books đã cho ra mắt bộ sách Hackers IELTS Basic gồm bốn kĩ năng: Listening – Reading – Speaking – Writing nhằm giúp người học xây dựng được chiến lược học tập hiệu quả và rèn luyện các kĩ năng từ bước cơ bản nhất. Bộ sách sẽ là công cụ hữu ích giúp người học tiếp cận với IELTS theo cách đơn giản đến không ngờ.', NULL, 119000, 119000, NULL, 372, 'ieltslistening.jpg', 5),
('Book229', 'Mindmap English', 'Category001', 'Author003', 'Gamma Books đã cho ra mắt bộ sách Hackers IELTS Basic gồm bốn kĩ năng: Listening – Reading – Speaking – Writing nhằm giúp người học xây dựng được chiến lược học tập hiệu quả và rèn luyện các kĩ năng từ bước cơ bản nhất. Bộ sách sẽ là công cụ hữu ích giúp người học tiếp cận với IELTS theo cách đơn giản đến không ngờ.', 'A5', 448, '24 x 17 x 0.5', '2018-10-22', 'Publish006', 'Tiếng Việt', 'Gamma Books đã cho ra mắt bộ sách Hackers IELTS Basic gồm bốn kĩ năng: Listening – Reading – Speaking – Writing nhằm giúp người học xây dựng được chiến lược học tập hiệu quả và rèn luyện các kĩ năng từ bước cơ bản nhất. Bộ sách sẽ là công cụ hữu ích giúp người học tiếp cận với IELTS theo cách đơn giản đến không ngờ.', NULL, 133000, 133000, NULL, 292, 'mindmap.jpg', 5),
('Book230', 'Nghiền từ vựng', 'Category001', 'Author005', 'Gamma Books đã cho ra mắt bộ sách Hackers IELTS Basic gồm bốn kĩ năng: Listening – Reading – Speaking – Writing nhằm giúp người học xây dựng được chiến lược học tập hiệu quả và rèn luyện các kĩ năng từ bước cơ bản nhất. Bộ sách sẽ là công cụ hữu ích giúp người học tiếp cận với IELTS theo cách đơn giản đến không ngờ.', 'A5', 308, '24 x 17', '2019-10-22', 'Publish006', 'Tiếng Việt', 'Gamma Books đã cho ra mắt bộ sách Hackers IELTS Basic gồm bốn kĩ năng: Listening – Reading – Speaking – Writing nhằm giúp người học xây dựng được chiến lược học tập hiệu quả và rèn luyện các kĩ năng từ bước cơ bản nhất. Bộ sách sẽ là công cụ hữu ích giúp người học tiếp cận với IELTS theo cách đơn giản đến không ngờ.', NULL, 133000, 133000, NULL, 92, 'nghientuvungtienganh.jpg', 5),
('Book231', 'Developing Skills', 'Category002', 'Author003', 'Ở giai đoạn bắt đầu luyện thi, các bạn thường khá hoang mang khi không biết kiến thức ngữ pháp và từ vựng căn bản nào cần học trước tiên. Sử dụng nhiều sách khiến các bạn cảm thấy bị nhồi nhét kiến thức một cách quá đà và không hiểu được nội dung trọng tâm cần ôn. Đây là cuốn sách ngữ pháp mất gốc căn bản có lever từ 0 tới 350 giúp tổng hợp những kiến thức cơ bản thường được dùng trong các kì thi, giúp bạn ôn thi hiệu quả hơn.', 'A5', 272, '26 x 19 x 1', '2021-10-22', 'Publish004', 'Tiếng Việt', 'Ở giai đoạn bắt đầu luyện thi, các bạn thường khá hoang mang khi không biết kiến thức ngữ pháp và từ vựng căn bản nào cần học trước tiên. Sử dụng nhiều sách khiến các bạn cảm thấy bị nhồi nhét kiến thức một cách quá đà và không hiểu được nội dung trọng tâm cần ôn. Đây là cuốn sách ngữ pháp mất gốc căn bản có lever từ 0 tới 350 giúp tổng hợp những kiến thức cơ bản thường được dùng trong các kì thi, giúp bạn ôn thi hiệu quả hơn.', NULL, 127000, 127000, NULL, 100, 'skilltoeic.jpg', 5),
('Book232', 'Tư duy triệu phú', 'Category003', 'Author008', 'Trong cuốn sách này T. Harv Eker sẽ tiết lộ những bí mật tại sao một số người lại đạt được những thành công vượt bậc, được số phận ban cho cuộc sống sung túc, giàu có, trong khi một số người khác phải chật vật, vất vả mới có một cuộc sống qua ngày. Bạn sẽ hiểu được nguồn gốc sự thật và những yếu tố quyết định thành công, thất bại để rồi áp dụng, thay đổi cách suy nghĩ, lên kế hoạch rồi tìm ra cách làm việc, đầu tư, sử dụng nguồn tài chính của bạn theo hướng hiệu quả nhất.', 'A5', 287, '20.5 x 14.5', '2021-10-22', 'Publish002', 'Tiếng Việt', 'T. Harv Eker sẽ tiết lộ những bí mật tại sao một số người lại đạt được những thành công vượt bậc, được số phận ban cho cuộc sống sung túc, giàu có, trong khi một số người khác phải chật vật, vất vả mới có một cuộc sống qua ngày. Bạn sẽ hiểu được nguồn gốc sự thật và những yếu tố quyết định thành công, thất bại để rồi áp dụng, thay đổi cách suy nghĩ, lên kế hoạch rồi tìm ra cách làm việc, đầu tư, sử dụng nguồn tài chính của bạn theo hướng hiệu quả nhất.', NULL, 91000, 91000, NULL, 50, 'bimattuduytrieuphu.jpg', 5),
('Book234', 'Xây dựng con người', 'Category003', 'Author008', 'Trong cuốn sách này T. Harv Eker sẽ tiết lộ những bí mật tại sao một số người lại đạt được những thành công vượt bậc, được số phận ban cho cuộc sống sung túc, giàu có, trong khi một số người khác phải chật vật, vất vả mới có một cuộc sống qua ngày. Bạn sẽ hiểu được nguồn gốc sự thật và những yếu tố quyết định thành công, thất bại để rồi áp dụng, thay đổi cách suy nghĩ, lên kế hoạch rồi tìm ra cách làm việc, đầu tư, sử dụng nguồn tài chính của bạn theo hướng hiệu quả nhất.', 'A5', 207, '20.5 x 14.5', '2021-10-22', 'Publish003', 'Tiếng Việt', 'T. Harv Eker sẽ tiết lộ những bí mật tại sao một số người lại đạt được những thành công vượt bậc, được số phận ban cho cuộc sống sung túc, giàu có, trong khi một số người khác phải chật vật, vất vả mới có một cuộc sống qua ngày. Bạn sẽ hiểu được nguồn gốc sự thật và những yếu tố quyết định thành công, thất bại để rồi áp dụng, thay đổi cách suy nghĩ, lên kế hoạch rồi tìm ra cách làm việc, đầu tư, sử dụng nguồn tài chính của bạn theo hướng hiệu quả nhất.', NULL, 172000, 172000, NULL, 65, 'cachnetflixxaydungconnguoi.jpg', 5),
('Book235', 'Chiến Tranh Tiền Tệ', 'Category003', 'Author008', 'Một khi đọc “Chiến tranh tiền tệ - Ai thật sự là người giàu nhất thế giới” bạn sẽ phải giật mình nhận ra một điều kinh khủng rằng, đằng sau những tờ giấy bạc chúng ta chi tiêu hàng ngày là cả một thế lực ngầm đáng sợ - một thế lực bí ẩn với quyền lực siêu nhiên có thể điều khiển cả thế giới rộng lớn này.', 'A5', 532, '20.5 x 14.5', '2011-10-22', 'Publish004', 'Tiếng Việt', 'Một khi đọc “Chiến tranh tiền tệ - Ai thật sự là người giàu nhất thế giới” bạn sẽ phải giật mình nhận ra một điều kinh khủng rằng, đằng sau những tờ giấy bạc chúng ta chi tiêu hàng ngày là cả một thế lực ngầm đáng sợ - một thế lực bí ẩn với quyền lực siêu nhiên có thể điều khiển cả thế giới rộng lớn này.', NULL, 107000, 107000, NULL, 44, 'chientranhtiente1.jpg', 5),
('Book236', 'Dạy con làm giàu', 'Category003', 'Author008', 'Người giàu không làm việc vì tiền. Họ bắt tiền làm việc cho họ. Chấp nhận thất bại là bước đầu của thành công? Quyền lực của sự lựa chọn! Những bài học không có trong nhà trường. Hãy bắt đầu từ hôm nay “để không có tiền vẫn tạo ra tiền”', 'A5', 195, '13 x 20.5', '2018-08-22', 'Publish004', 'Tiếng Việt', 'Người giàu không làm việc vì tiền. Họ bắt tiền làm việc cho họ. Chấp nhận thất bại là bước đầu của thành công? Quyền lực của sự lựa chọn! Những bài học không có trong nhà trường. Hãy bắt đầu từ hôm nay “để không có tiền vẫn tạo ra tiền”', NULL, 107000, 107000, NULL, 44, 'DayConlamgiautap1.jpg', 5),
('Book237', 'Đọc Vị Bất Kì Ai', 'Category003', 'Author008', 'Người giàu không làm việc vì tiền. Họ bắt tiền làm việc cho họ. Chấp nhận thất bại là bước đầu của thành công? Quyền lực của sự lựa chọn! Những bài học không có trong nhà trường. Hãy bắt đầu từ hôm nay “để không có tiền vẫn tạo ra tiền”', 'A5', 125, '13 x 20.5', '2017-08-22', 'Publish002', 'Tiếng Việt', 'Người giàu không làm việc vì tiền. Họ bắt tiền làm việc cho họ. Chấp nhận thất bại là bước đầu của thành công? Quyền lực của sự lựa chọn! Những bài học không có trong nhà trường. Hãy bắt đầu từ hôm nay “để không có tiền vẫn tạo ra tiền”', NULL, 43000, 43000, NULL, 63, 'docvibatkyai.jpg', 5),
('Book238', 'Khởi nghiệp ', 'Category003', 'Author008', 'Tinh thần kinh doanh và nỗ lực khởi nghiệp vừa là xu thế vừa là động lực quan trọng để phát triển kinh tế thế giới nói chung và Việt Nam nói riêng. Đi cùng với xu thế này, quản trị khởi nghiệp là một chủ đề mang tính thực tiễn và cả tính học thuật nhằm đáp ứng xu hướng phát triển khởi nghiệp của nhiều quốc gia trên thế giới trong đó có Việt Nam.', 'A5', 205, '13 x 20.5', '2019-08-22', 'Publish004', 'Tiếng Việt', 'Người giàu không làm việc vì tiền. Họ bắt tiền làm việc cho họ. Chấp nhận thất bại là bước đầu của thành công? Quyền lực của sự lựa chọn! Những bài học không có trong nhà trường. Hãy bắt đầu từ hôm nay “để không có tiền vẫn tạo ra tiền”', NULL, 361000, 361000, NULL, 100, 'khoinghiepkinhdoanh.jpg', 5),
('Book239', 'Bài tập tin học 7 ', 'Category004', 'Author007', 'Sách Tập Tin Học 7 - Cơ Bản Và Nâng Cao (Theo Chương Trình Giáo Dục Phổ Thông 2018) là tài liệu học tập thiết yếu, giúp các em luyện tập để ghi nhớ kiến thức, thuần thục các kĩ năng và học cách vận dụng điều đã học vào thực tế.', 'A5', 85, '24 x 17 x 0.4', '2022-02-22', 'Publish003', 'Tiếng Việt', 'Sách Tập Tin Học 7 - Cơ Bản Và Nâng Cao (Theo Chương Trình Giáo Dục Phổ Thông 2018) là tài liệu học tập thiết yếu, giúp các em luyện tập để ghi nhớ kiến thức, thuần thục các kĩ năng và học cách vận dụng điều đã học vào thực tế.', NULL, 30000, 30000, NULL, 80, 'baitaptinhoc.jpg', 5),
('Book240', 'Bứt phá vật lý ', 'Category004', 'Author006', 'Đề thi chọn lọc, cập nhật, bám sát định hướng ra đề minh họa của Bộ GD&ĐT', 'A5', 378, '19 x 26', '2019-04-22', 'Publish004', 'Tiếng Việt', 'Đề thi chọn lọc, cập nhật, bám sát định hướng ra đề minh họa của Bộ GD&ĐT', NULL, 176000, 176000, NULL, 80, 'bodevatly.jpg', 5),
('Book241', 'Tư duy triệu phú', 'Category003', 'Author008', 'Trong cuốn sách này T. Harv Eker sẽ tiết lộ những bí mật tại sao một số người lại đạt được những thành công vượt bậc, được số phận ban cho cuộc sống sung túc, giàu có, trong khi một số người khác phải chật vật, vất vả mới có một cuộc sống qua ngày. Bạn sẽ hiểu được nguồn gốc sự thật và những yếu tố quyết định thành công, thất bại để rồi áp dụng, thay đổi cách suy nghĩ, lên kế hoạch rồi tìm ra cách làm việc, đầu tư, sử dụng nguồn tài chính của bạn theo hướng hiệu quả nhất.', 'A5', 287, '20.5 x 14.5', '2021-10-22', 'Publish002', 'Tiếng Việt', 'T. Harv Eker sẽ tiết lộ những bí mật tại sao một số người lại đạt được những thành công vượt bậc, được số phận ban cho cuộc sống sung túc, giàu có, trong khi một số người khác phải chật vật, vất vả mới có một cuộc sống qua ngày. Bạn sẽ hiểu được nguồn gốc sự thật và những yếu tố quyết định thành công, thất bại để rồi áp dụng, thay đổi cách suy nghĩ, lên kế hoạch rồi tìm ra cách làm việc, đầu tư, sử dụng nguồn tài chính của bạn theo hướng hiệu quả nhất.', NULL, 91000, 91000, NULL, 50, 'bimattuduytrieuphu.jpg', 5),
('Book242', 'Xây dựng con người', 'Category003', 'Author008', 'Trong cuốn sách này T. Harv Eker sẽ tiết lộ những bí mật tại sao một số người lại đạt được những thành công vượt bậc, được số phận ban cho cuộc sống sung túc, giàu có, trong khi một số người khác phải chật vật, vất vả mới có một cuộc sống qua ngày. Bạn sẽ hiểu được nguồn gốc sự thật và những yếu tố quyết định thành công, thất bại để rồi áp dụng, thay đổi cách suy nghĩ, lên kế hoạch rồi tìm ra cách làm việc, đầu tư, sử dụng nguồn tài chính của bạn theo hướng hiệu quả nhất.', 'A5', 207, '20.5 x 14.5', '2021-10-22', 'Publish003', 'Tiếng Việt', 'T. Harv Eker sẽ tiết lộ những bí mật tại sao một số người lại đạt được những thành công vượt bậc, được số phận ban cho cuộc sống sung túc, giàu có, trong khi một số người khác phải chật vật, vất vả mới có một cuộc sống qua ngày. Bạn sẽ hiểu được nguồn gốc sự thật và những yếu tố quyết định thành công, thất bại để rồi áp dụng, thay đổi cách suy nghĩ, lên kế hoạch rồi tìm ra cách làm việc, đầu tư, sử dụng nguồn tài chính của bạn theo hướng hiệu quả nhất.', NULL, 172000, 172000, NULL, 65, 'cachnetflixxaydungconnguoi.jpg', 5),
('Book243', 'Chiến Tranh Tiền Tệ', 'Category003', 'Author008', 'Một khi đọc “Chiến tranh tiền tệ - Ai thật sự là người giàu nhất thế giới” bạn sẽ phải giật mình nhận ra một điều kinh khủng rằng, đằng sau những tờ giấy bạc chúng ta chi tiêu hàng ngày là cả một thế lực ngầm đáng sợ - một thế lực bí ẩn với quyền lực siêu nhiên có thể điều khiển cả thế giới rộng lớn này.', 'A5', 532, '20.5 x 14.5', '2011-10-22', 'Publish004', 'Tiếng Việt', 'Một khi đọc “Chiến tranh tiền tệ - Ai thật sự là người giàu nhất thế giới” bạn sẽ phải giật mình nhận ra một điều kinh khủng rằng, đằng sau những tờ giấy bạc chúng ta chi tiêu hàng ngày là cả một thế lực ngầm đáng sợ - một thế lực bí ẩn với quyền lực siêu nhiên có thể điều khiển cả thế giới rộng lớn này.', NULL, 107000, 107000, NULL, 44, 'chientranhtiente1.jpg', 5),
('Book244', 'Dạy con làm giàu', 'Category003', 'Author008', 'Người giàu không làm việc vì tiền. Họ bắt tiền làm việc cho họ. Chấp nhận thất bại là bước đầu của thành công? Quyền lực của sự lựa chọn! Những bài học không có trong nhà trường. Hãy bắt đầu từ hôm nay “để không có tiền vẫn tạo ra tiền”', 'A5', 195, '13 x 20.5', '2018-08-22', 'Publish004', 'Tiếng Việt', 'Người giàu không làm việc vì tiền. Họ bắt tiền làm việc cho họ. Chấp nhận thất bại là bước đầu của thành công? Quyền lực của sự lựa chọn! Những bài học không có trong nhà trường. Hãy bắt đầu từ hôm nay “để không có tiền vẫn tạo ra tiền”', NULL, 107000, 107000, NULL, 44, 'DayConlamgiautap1.jpg', 5),
('Book245', 'Đọc Vị Bất Kì Ai', 'Category003', 'Author008', 'Người giàu không làm việc vì tiền. Họ bắt tiền làm việc cho họ. Chấp nhận thất bại là bước đầu của thành công? Quyền lực của sự lựa chọn! Những bài học không có trong nhà trường. Hãy bắt đầu từ hôm nay “để không có tiền vẫn tạo ra tiền”', 'A5', 125, '13 x 20.5', '2017-08-22', 'Publish002', 'Tiếng Việt', 'Người giàu không làm việc vì tiền. Họ bắt tiền làm việc cho họ. Chấp nhận thất bại là bước đầu của thành công? Quyền lực của sự lựa chọn! Những bài học không có trong nhà trường. Hãy bắt đầu từ hôm nay “để không có tiền vẫn tạo ra tiền”', NULL, 43000, 43000, NULL, 63, 'docvibatkyai.jpg', 5),
('Book246', 'Khởi nghiệp ', 'Category003', 'Author008', 'Tinh thần kinh doanh và nỗ lực khởi nghiệp vừa là xu thế vừa là động lực quan trọng để phát triển kinh tế thế giới nói chung và Việt Nam nói riêng. Đi cùng với xu thế này, quản trị khởi nghiệp là một chủ đề mang tính thực tiễn và cả tính học thuật nhằm đáp ứng xu hướng phát triển khởi nghiệp của nhiều quốc gia trên thế giới trong đó có Việt Nam.', 'A5', 205, '13 x 20.5', '2019-08-22', 'Publish004', 'Tiếng Việt', 'Người giàu không làm việc vì tiền. Họ bắt tiền làm việc cho họ. Chấp nhận thất bại là bước đầu của thành công? Quyền lực của sự lựa chọn! Những bài học không có trong nhà trường. Hãy bắt đầu từ hôm nay “để không có tiền vẫn tạo ra tiền”', NULL, 361000, 361000, NULL, 100, 'khoinghiepkinhdoanh.jpg', 5),
('Book247', 'Bài tập tin học 7 ', 'Category004', 'Author007', 'Sách Tập Tin Học 7 - Cơ Bản Và Nâng Cao (Theo Chương Trình Giáo Dục Phổ Thông 2018) là tài liệu học tập thiết yếu, giúp các em luyện tập để ghi nhớ kiến thức, thuần thục các kĩ năng và học cách vận dụng điều đã học vào thực tế.', 'A5', 85, '24 x 17 x 0.4', '2022-02-22', 'Publish003', 'Tiếng Việt', 'Sách Tập Tin Học 7 - Cơ Bản Và Nâng Cao (Theo Chương Trình Giáo Dục Phổ Thông 2018) là tài liệu học tập thiết yếu, giúp các em luyện tập để ghi nhớ kiến thức, thuần thục các kĩ năng và học cách vận dụng điều đã học vào thực tế.', NULL, 30000, 30000, NULL, 80, 'baitaptinhoc.jpg', 5),
('Book248', 'Bứt phá vật lý ', 'Category004', 'Author006', 'Đề thi chọn lọc, cập nhật, bám sát định hướng ra đề minh họa của Bộ GD&ĐT', 'A5', 378, '19 x 26', '2019-04-22', 'Publish004', 'Tiếng Việt', 'Đề thi chọn lọc, cập nhật, bám sát định hướng ra đề minh họa của Bộ GD&ĐT', NULL, 176000, 176000, NULL, 80, 'bodevatly.jpg', 5),
('Book249', 'Tin học 5 ', 'Category004', 'Author005', 'Trước yêu cầu cập nhật những phần mềm, công cụ học tập hiện đại cho việc dạy và học môn Tin học cấp Tiểu học của học sinh Thành phố Hồ Chí Minh, Sở Giáo dục và Đào tạo Thành phố Hồ Chí Minh đã phối hợp với Nhà xuất bản Giáo dục Việt Nam tổ chức biên soạn bộ sách Luyện tập Tin học (cùng IC3 Spark).', 'A5', 60, '24 x 17 x 0.5', '2021-02-15', 'Publish003', 'Tiếng Việt', 'Trước yêu cầu cập nhật những phần mềm, công cụ học tập hiện đại cho việc dạy và học môn Tin học cấp Tiểu học của học sinh Thành phố Hồ Chí Minh, Sở Giáo dục và Đào tạo Thành phố Hồ Chí Minh đã phối hợp với Nhà xuất bản Giáo dục Việt Nam tổ chức biên soạn bộ sách Luyện tập Tin học (cùng IC3 Spark).', NULL, 26000, 26000, NULL, 100, 'Luyentaptinhoc.jpg', 5),
('Book250', 'Luyện thi Ngữ Văn', 'Category004', 'Author006', 'Nhằm giúp các em tự trang bị những kiến thức, kĩ năng quan trọng, đồng thời có định hướng đúng và có thể vận dụng tốt vào quá trình viết bài văn nghị luận văn học, hướng tới nâng cao chất lượng bài làm trong học tập, thi cử và hoàn thành tốt bài thi vào lớp 10, chúng tôi đã biên soạn cuốn sách Luyện thi vào lớp 10 môn Ngữ văn – Chuyên đề Nghị luận Văn học.', 'A5', 316, '26 x 19 x 1 ', '2021-06-18', 'Publish005', 'Tiếng Việt', 'Nhằm giúp các em tự trang bị những kiến thức, kĩ năng quan trọng, đồng thời có định hướng đúng và có thể vận dụng tốt vào quá trình viết bài văn nghị luận văn học, hướng tới nâng cao chất lượng bài làm trong học tập, thi cử và hoàn thành tốt bài thi vào lớp 10, chúng tôi đã biên soạn cuốn sách Luyện thi vào lớp 10 môn Ngữ văn – Chuyên đề Nghị luận Văn học.', NULL, 110000, 110000, NULL, 112, 'luyenthinguvan10.jpg', 5),
('Book251', 'Hóa học 9', 'Category004', 'Author005', 'Nhằm giúp các em tự trang bị những kiến thức, kĩ năng quan trọng, đồng thời có định hướng đúng và có thể vận dụng tốt vào quá trình viết bài văn nghị luận văn học, hướng tới nâng cao chất lượng bài làm trong học tập, thi cử và hoàn thành tốt bài thi vào lớp 10, chúng tôi đã biên soạn cuốn sách Luyện thi vào lớp 10 môn Ngữ văn – Chuyên đề Nghị luận Văn học.', 'A5', 216, '26 x 19 x 1 ', '2016-06-18', 'Publish004', 'Tiếng Việt', 'Nhằm giúp các em tự trang bị những kiến thức, kĩ năng quan trọng, đồng thời có định hướng đúng và có thể vận dụng tốt vào quá trình viết bài văn nghị luận văn học, hướng tới nâng cao chất lượng bài làm trong học tập, thi cử và hoàn thành tốt bài thi vào lớp 10, chúng tôi đã biên soạn cuốn sách Luyện thi vào lớp 10 môn Ngữ văn – Chuyên đề Nghị luận Văn học.', NULL, 47000, 47000, NULL, 143, 'TaiLieuHoaHoc.jpg', 5),
('Book252', 'Luyện Viết TA 4', 'Category004', 'Author006', 'Nhằm giúp các em tự trang bị những kiến thức, kĩ năng quan trọng, đồng thời có định hướng đúng và có thể vận dụng tốt vào quá trình viết bài văn nghị luận văn học, hướng tới nâng cao chất lượng bài làm trong học tập, thi cử và hoàn thành tốt bài thi vào lớp 10, chúng tôi đã biên soạn cuốn sách Luyện thi vào lớp 10 môn Ngữ văn – Chuyên đề Nghị luận Văn học.', 'A5', 116, '26 x 19 x 1 ', '2018-06-18', 'Publish003', 'Tiếng Việt', 'Nhằm giúp các em tự trang bị những kiến thức, kĩ năng quan trọng, đồng thời có định hướng đúng và có thể vận dụng tốt vào quá trình viết bài văn nghị luận văn học, hướng tới nâng cao chất lượng bài làm trong học tập, thi cử và hoàn thành tốt bài thi vào lớp 10, chúng tôi đã biên soạn cuốn sách Luyện thi vào lớp 10 môn Ngữ văn – Chuyên đề Nghị luận Văn học.', NULL, 24000, 24000, NULL, 43, 'tienganh4.jpg', 5),
('Book253', 'Tư duy triệu phú', 'Category003', 'Author008', 'Trong cuốn sách này T. Harv Eker sẽ tiết lộ những bí mật tại sao một số người lại đạt được những thành công vượt bậc, được số phận ban cho cuộc sống sung túc, giàu có, trong khi một số người khác phải chật vật, vất vả mới có một cuộc sống qua ngày. Bạn sẽ hiểu được nguồn gốc sự thật và những yếu tố quyết định thành công, thất bại để rồi áp dụng, thay đổi cách suy nghĩ, lên kế hoạch rồi tìm ra cách làm việc, đầu tư, sử dụng nguồn tài chính của bạn theo hướng hiệu quả nhất.', 'A5', 287, '20.5 x 14.5', '2021-10-22', 'Publish002', 'Tiếng Việt', 'T. Harv Eker sẽ tiết lộ những bí mật tại sao một số người lại đạt được những thành công vượt bậc, được số phận ban cho cuộc sống sung túc, giàu có, trong khi một số người khác phải chật vật, vất vả mới có một cuộc sống qua ngày. Bạn sẽ hiểu được nguồn gốc sự thật và những yếu tố quyết định thành công, thất bại để rồi áp dụng, thay đổi cách suy nghĩ, lên kế hoạch rồi tìm ra cách làm việc, đầu tư, sử dụng nguồn tài chính của bạn theo hướng hiệu quả nhất.', NULL, 91000, 91000, NULL, 50, 'bimattuduytrieuphu.jpg', 5);
INSERT INTO `books` (`BookID`, `BookName`, `CategoryID`, `AuthorID`, `Descript`, `formats`, `pages`, `dimensions`, `publicationDate`, `PublisherID`, `Languages`, `Illustrationsnote`, `OtherFormat`, `OldPrice`, `Price`, `Statuss`, `Quantity`, `FileIMG`, `ReviewStar`) VALUES
('Book254', 'Xây dựng con người', 'Category003', 'Author008', 'Trong cuốn sách này T. Harv Eker sẽ tiết lộ những bí mật tại sao một số người lại đạt được những thành công vượt bậc, được số phận ban cho cuộc sống sung túc, giàu có, trong khi một số người khác phải chật vật, vất vả mới có một cuộc sống qua ngày. Bạn sẽ hiểu được nguồn gốc sự thật và những yếu tố quyết định thành công, thất bại để rồi áp dụng, thay đổi cách suy nghĩ, lên kế hoạch rồi tìm ra cách làm việc, đầu tư, sử dụng nguồn tài chính của bạn theo hướng hiệu quả nhất.', 'A5', 207, '20.5 x 14.5', '2021-10-22', 'Publish003', 'Tiếng Việt', 'T. Harv Eker sẽ tiết lộ những bí mật tại sao một số người lại đạt được những thành công vượt bậc, được số phận ban cho cuộc sống sung túc, giàu có, trong khi một số người khác phải chật vật, vất vả mới có một cuộc sống qua ngày. Bạn sẽ hiểu được nguồn gốc sự thật và những yếu tố quyết định thành công, thất bại để rồi áp dụng, thay đổi cách suy nghĩ, lên kế hoạch rồi tìm ra cách làm việc, đầu tư, sử dụng nguồn tài chính của bạn theo hướng hiệu quả nhất.', NULL, 172000, 172000, NULL, 65, 'cachnetflixxaydungconnguoi.jpg', 5),
('Book255', 'Chiến Tranh Tiền Tệ', 'Category003', 'Author008', 'Một khi đọc “Chiến tranh tiền tệ - Ai thật sự là người giàu nhất thế giới” bạn sẽ phải giật mình nhận ra một điều kinh khủng rằng, đằng sau những tờ giấy bạc chúng ta chi tiêu hàng ngày là cả một thế lực ngầm đáng sợ - một thế lực bí ẩn với quyền lực siêu nhiên có thể điều khiển cả thế giới rộng lớn này.', 'A5', 532, '20.5 x 14.5', '2011-10-22', 'Publish004', 'Tiếng Việt', 'Một khi đọc “Chiến tranh tiền tệ - Ai thật sự là người giàu nhất thế giới” bạn sẽ phải giật mình nhận ra một điều kinh khủng rằng, đằng sau những tờ giấy bạc chúng ta chi tiêu hàng ngày là cả một thế lực ngầm đáng sợ - một thế lực bí ẩn với quyền lực siêu nhiên có thể điều khiển cả thế giới rộng lớn này.', NULL, 107000, 107000, NULL, 44, 'chientranhtiente1.jpg', 5),
('Book256', 'Dạy con làm giàu', 'Category003', 'Author008', 'Người giàu không làm việc vì tiền. Họ bắt tiền làm việc cho họ. Chấp nhận thất bại là bước đầu của thành công? Quyền lực của sự lựa chọn! Những bài học không có trong nhà trường. Hãy bắt đầu từ hôm nay “để không có tiền vẫn tạo ra tiền”', 'A5', 195, '13 x 20.5', '2018-08-22', 'Publish004', 'Tiếng Việt', 'Người giàu không làm việc vì tiền. Họ bắt tiền làm việc cho họ. Chấp nhận thất bại là bước đầu của thành công? Quyền lực của sự lựa chọn! Những bài học không có trong nhà trường. Hãy bắt đầu từ hôm nay “để không có tiền vẫn tạo ra tiền”', NULL, 107000, 107000, NULL, 44, 'DayConlamgiautap1.jpg', 5),
('Book257', 'Đọc Vị Bất Kì Ai', 'Category003', 'Author008', 'Người giàu không làm việc vì tiền. Họ bắt tiền làm việc cho họ. Chấp nhận thất bại là bước đầu của thành công? Quyền lực của sự lựa chọn! Những bài học không có trong nhà trường. Hãy bắt đầu từ hôm nay “để không có tiền vẫn tạo ra tiền”', 'A5', 125, '13 x 20.5', '2017-08-22', 'Publish002', 'Tiếng Việt', 'Người giàu không làm việc vì tiền. Họ bắt tiền làm việc cho họ. Chấp nhận thất bại là bước đầu của thành công? Quyền lực của sự lựa chọn! Những bài học không có trong nhà trường. Hãy bắt đầu từ hôm nay “để không có tiền vẫn tạo ra tiền”', NULL, 43000, 43000, NULL, 63, 'docvibatkyai.jpg', 5),
('Book258', 'Khởi nghiệp ', 'Category003', 'Author008', 'Tinh thần kinh doanh và nỗ lực khởi nghiệp vừa là xu thế vừa là động lực quan trọng để phát triển kinh tế thế giới nói chung và Việt Nam nói riêng. Đi cùng với xu thế này, quản trị khởi nghiệp là một chủ đề mang tính thực tiễn và cả tính học thuật nhằm đáp ứng xu hướng phát triển khởi nghiệp của nhiều quốc gia trên thế giới trong đó có Việt Nam.', 'A5', 205, '13 x 20.5', '2019-08-22', 'Publish004', 'Tiếng Việt', 'Người giàu không làm việc vì tiền. Họ bắt tiền làm việc cho họ. Chấp nhận thất bại là bước đầu của thành công? Quyền lực của sự lựa chọn! Những bài học không có trong nhà trường. Hãy bắt đầu từ hôm nay “để không có tiền vẫn tạo ra tiền”', NULL, 361000, 361000, NULL, 100, 'khoinghiepkinhdoanh.jpg', 5),
('Book259', 'Bài tập tin học 7 ', 'Category004', 'Author007', 'Sách Tập Tin Học 7 - Cơ Bản Và Nâng Cao (Theo Chương Trình Giáo Dục Phổ Thông 2018) là tài liệu học tập thiết yếu, giúp các em luyện tập để ghi nhớ kiến thức, thuần thục các kĩ năng và học cách vận dụng điều đã học vào thực tế.', 'A5', 85, '24 x 17 x 0.4', '2022-02-22', 'Publish003', 'Tiếng Việt', 'Sách Tập Tin Học 7 - Cơ Bản Và Nâng Cao (Theo Chương Trình Giáo Dục Phổ Thông 2018) là tài liệu học tập thiết yếu, giúp các em luyện tập để ghi nhớ kiến thức, thuần thục các kĩ năng và học cách vận dụng điều đã học vào thực tế.', NULL, 30000, 30000, NULL, 80, 'baitaptinhoc.jpg', 5),
('Book260', 'Bứt phá vật lý ', 'Category004', 'Author006', 'Đề thi chọn lọc, cập nhật, bám sát định hướng ra đề minh họa của Bộ GD&ĐT', 'A5', 378, '19 x 26', '2019-04-22', 'Publish004', 'Tiếng Việt', 'Đề thi chọn lọc, cập nhật, bám sát định hướng ra đề minh họa của Bộ GD&ĐT', NULL, 176000, 176000, NULL, 80, 'bodevatly.jpg', 5),
('Book261', 'Tin học 5 ', 'Category004', 'Author005', 'Trước yêu cầu cập nhật những phần mềm, công cụ học tập hiện đại cho việc dạy và học môn Tin học cấp Tiểu học của học sinh Thành phố Hồ Chí Minh, Sở Giáo dục và Đào tạo Thành phố Hồ Chí Minh đã phối hợp với Nhà xuất bản Giáo dục Việt Nam tổ chức biên soạn bộ sách Luyện tập Tin học (cùng IC3 Spark).', 'A5', 60, '24 x 17 x 0.5', '2021-02-15', 'Publish003', 'Tiếng Việt', 'Trước yêu cầu cập nhật những phần mềm, công cụ học tập hiện đại cho việc dạy và học môn Tin học cấp Tiểu học của học sinh Thành phố Hồ Chí Minh, Sở Giáo dục và Đào tạo Thành phố Hồ Chí Minh đã phối hợp với Nhà xuất bản Giáo dục Việt Nam tổ chức biên soạn bộ sách Luyện tập Tin học (cùng IC3 Spark).', NULL, 26000, 26000, NULL, 100, 'Luyentaptinhoc.jpg', 5),
('Book262', 'Luyện thi Ngữ Văn', 'Category004', 'Author006', 'Nhằm giúp các em tự trang bị những kiến thức, kĩ năng quan trọng, đồng thời có định hướng đúng và có thể vận dụng tốt vào quá trình viết bài văn nghị luận văn học, hướng tới nâng cao chất lượng bài làm trong học tập, thi cử và hoàn thành tốt bài thi vào lớp 10, chúng tôi đã biên soạn cuốn sách Luyện thi vào lớp 10 môn Ngữ văn – Chuyên đề Nghị luận Văn học.', 'A5', 316, '26 x 19 x 1 ', '2021-06-18', 'Publish005', 'Tiếng Việt', 'Nhằm giúp các em tự trang bị những kiến thức, kĩ năng quan trọng, đồng thời có định hướng đúng và có thể vận dụng tốt vào quá trình viết bài văn nghị luận văn học, hướng tới nâng cao chất lượng bài làm trong học tập, thi cử và hoàn thành tốt bài thi vào lớp 10, chúng tôi đã biên soạn cuốn sách Luyện thi vào lớp 10 môn Ngữ văn – Chuyên đề Nghị luận Văn học.', NULL, 110000, 110000, NULL, 112, 'luyenthinguvan10.jpg', 5),
('Book263', 'Hóa học 9', 'Category004', 'Author005', 'Nhằm giúp các em tự trang bị những kiến thức, kĩ năng quan trọng, đồng thời có định hướng đúng và có thể vận dụng tốt vào quá trình viết bài văn nghị luận văn học, hướng tới nâng cao chất lượng bài làm trong học tập, thi cử và hoàn thành tốt bài thi vào lớp 10, chúng tôi đã biên soạn cuốn sách Luyện thi vào lớp 10 môn Ngữ văn – Chuyên đề Nghị luận Văn học.', 'A5', 216, '26 x 19 x 1 ', '2016-06-18', 'Publish004', 'Tiếng Việt', 'Nhằm giúp các em tự trang bị những kiến thức, kĩ năng quan trọng, đồng thời có định hướng đúng và có thể vận dụng tốt vào quá trình viết bài văn nghị luận văn học, hướng tới nâng cao chất lượng bài làm trong học tập, thi cử và hoàn thành tốt bài thi vào lớp 10, chúng tôi đã biên soạn cuốn sách Luyện thi vào lớp 10 môn Ngữ văn – Chuyên đề Nghị luận Văn học.', NULL, 47000, 47000, NULL, 143, 'TaiLieuHoaHoc.jpg', 5),
('Book264', 'Luyện Viết TA 4', 'Category004', 'Author006', 'Nhằm giúp các em tự trang bị những kiến thức, kĩ năng quan trọng, đồng thời có định hướng đúng và có thể vận dụng tốt vào quá trình viết bài văn nghị luận văn học, hướng tới nâng cao chất lượng bài làm trong học tập, thi cử và hoàn thành tốt bài thi vào lớp 10, chúng tôi đã biên soạn cuốn sách Luyện thi vào lớp 10 môn Ngữ văn – Chuyên đề Nghị luận Văn học.', 'A5', 116, '26 x 19 x 1 ', '2018-06-18', 'Publish003', 'Tiếng Việt', 'Nhằm giúp các em tự trang bị những kiến thức, kĩ năng quan trọng, đồng thời có định hướng đúng và có thể vận dụng tốt vào quá trình viết bài văn nghị luận văn học, hướng tới nâng cao chất lượng bài làm trong học tập, thi cử và hoàn thành tốt bài thi vào lớp 10, chúng tôi đã biên soạn cuốn sách Luyện thi vào lớp 10 môn Ngữ văn – Chuyên đề Nghị luận Văn học.', NULL, 24000, 24000, NULL, 43, 'tienganh4.jpg', 5),
('Book265', 'Shin bút chì 3', 'Category007', 'Author002', 'Conan và các bạn được mời tới biệt thự của ảo thuật gia lừng danh Mr.Masakage. Hôm đó cũng đúng vừa tròn 10 năm kể từ khi Mr.Masakage đột nhiên biến mất. Tình cờ nhóm Conan lại phát hiện ra thi thể một trong các đồ đệ của Masakage. Cậu thám tử trung học của miền Tây Hattori Heiji cũng góp sức hết mình phá án!!', 'A5', 192, '11.3 x 17.6', '2019-03-20', 'Publish001', 'Tiếng Việt', 'Conan và các bạn được mời tới biệt thự của ảo thuật gia lừng danh Mr.Masakage. Hôm đó cũng đúng vừa tròn 10 năm kể từ khi Mr.Masakage đột nhiên biến mất. Tình cờ nhóm Conan lại phát hiện ra thi thể một trong các đồ đệ của Masakage. Cậu thám tử trung học của miền Tây Hattori Heiji cũng góp sức hết mình phá án!!', NULL, 20000, 20000, NULL, 100, 'shin3.jpg', 5),
('Book266', 'Shin bút chì 27', 'Category007', 'Author002', 'Conan và các bạn được mời tới biệt thự của ảo thuật gia lừng danh Mr.Masakage. Hôm đó cũng đúng vừa tròn 10 năm kể từ khi Mr.Masakage đột nhiên biến mất. Tình cờ nhóm Conan lại phát hiện ra thi thể một trong các đồ đệ của Masakage. Cậu thám tử trung học của miền Tây Hattori Heiji cũng góp sức hết mình phá án!!', 'A5', 192, '11.3 x 17.6', '2019-03-20', 'Publish001', 'Tiếng Việt', 'Conan và các bạn được mời tới biệt thự của ảo thuật gia lừng danh Mr.Masakage. Hôm đó cũng đúng vừa tròn 10 năm kể từ khi Mr.Masakage đột nhiên biến mất. Tình cờ nhóm Conan lại phát hiện ra thi thể một trong các đồ đệ của Masakage. Cậu thám tử trung học của miền Tây Hattori Heiji cũng góp sức hết mình phá án!!', NULL, 20000, 20000, NULL, 100, 'shin27.jpg', 5),
('Book267', 'Shin bút chì 44', 'Category007', 'Author002', 'Conan và các bạn được mời tới biệt thự của ảo thuật gia lừng danh Mr.Masakage. Hôm đó cũng đúng vừa tròn 10 năm kể từ khi Mr.Masakage đột nhiên biến mất. Tình cờ nhóm Conan lại phát hiện ra thi thể một trong các đồ đệ của Masakage. Cậu thám tử trung học của miền Tây Hattori Heiji cũng góp sức hết mình phá án!!', 'A5', 192, '11.3 x 17.6', '2019-03-20', 'Publish001', 'Tiếng Việt', 'Conan và các bạn được mời tới biệt thự của ảo thuật gia lừng danh Mr.Masakage. Hôm đó cũng đúng vừa tròn 10 năm kể từ khi Mr.Masakage đột nhiên biến mất. Tình cờ nhóm Conan lại phát hiện ra thi thể một trong các đồ đệ của Masakage. Cậu thám tử trung học của miền Tây Hattori Heiji cũng góp sức hết mình phá án!!', NULL, 20000, 20000, NULL, 100, 'shin44.jpg', 5),
('Book268', 'Shin bút chì 50', 'Category007', 'Author002', 'Conan và các bạn được mời tới biệt thự của ảo thuật gia lừng danh Mr.Masakage. Hôm đó cũng đúng vừa tròn 10 năm kể từ khi Mr.Masakage đột nhiên biến mất. Tình cờ nhóm Conan lại phát hiện ra thi thể một trong các đồ đệ của Masakage. Cậu thám tử trung học của miền Tây Hattori Heiji cũng góp sức hết mình phá án!!', 'A5', 192, '11.3 x 17.6', '2019-03-20', 'Publish001', 'Tiếng Việt', 'Conan và các bạn được mời tới biệt thự của ảo thuật gia lừng danh Mr.Masakage. Hôm đó cũng đúng vừa tròn 10 năm kể từ khi Mr.Masakage đột nhiên biến mất. Tình cờ nhóm Conan lại phát hiện ra thi thể một trong các đồ đệ của Masakage. Cậu thám tử trung học của miền Tây Hattori Heiji cũng góp sức hết mình phá án!!', NULL, 20000, 20000, NULL, 100, 'shin50.jpg', 5),
('Book269', 'Bạn chỉ sống 1 lần', 'Category006', 'Author001', 'Cuốn sách chính là tập hợp những câu chuyện, câu nói hay về cuộc sống. Những dòng triết lý ngắn gọn, nội dung hướng bạn đọc đến những suy nghĩ tích cực hơn về nhiều khía cạnh trong cuộc sống. Bạn chỉ sống có một lần chính là sự lựa chọn tốt nhất dành cho những bạn trẻ đang tìm kiếm đáp án hoàn mỹ về hạnh phúc của bản thân.', 'A5', 192, '11.3 x 17.6', '2019-03-20', 'Publish001', 'Tiếng Việt', 'Cuốn sách chính là tập hợp những câu chuyện, câu nói hay về cuộc sống. Những dòng triết lý ngắn gọn, nội dung hướng bạn đọc đến những suy nghĩ tích cực hơn về nhiều khía cạnh trong cuộc sống. Bạn chỉ sống có một lần chính là sự lựa chọn tốt nhất dành cho những bạn trẻ đang tìm kiếm đáp án hoàn mỹ về hạnh phúc của bản thân.', NULL, 55000, 55000, NULL, 100, 'banchisongco1lan.jpg', 5),
('Book270', 'Chủ nghĩa khắc kỷ', 'Category006', 'Author003', 'Cuốn sách chính là tập hợp những câu chuyện, câu nói hay về cuộc sống. Những dòng triết lý ngắn gọn, nội dung hướng bạn đọc đến những suy nghĩ tích cực hơn về nhiều khía cạnh trong cuộc sống. Bạn chỉ sống có một lần chính là sự lựa chọn tốt nhất dành cho những bạn trẻ đang tìm kiếm đáp án hoàn mỹ về hạnh phúc của bản thân.', 'A5', 192, '11.3 x 17.6', '2019-03-20', 'Publish001', 'Tiếng Việt', 'Cuốn sách chính là tập hợp những câu chuyện, câu nói hay về cuộc sống. Những dòng triết lý ngắn gọn, nội dung hướng bạn đọc đến những suy nghĩ tích cực hơn về nhiều khía cạnh trong cuộc sống. Bạn chỉ sống có một lần chính là sự lựa chọn tốt nhất dành cho những bạn trẻ đang tìm kiếm đáp án hoàn mỹ về hạnh phúc của bản thân.', NULL, 55000, 55000, NULL, 100, 'chunghiakhacky.jpg', 5),
('Book271', 'Đắc nhân tâm', 'Category006', 'Author003', 'Cuốn sách chính là tập hợp những câu chuyện, câu nói hay về cuộc sống. Những dòng triết lý ngắn gọn, nội dung hướng bạn đọc đến những suy nghĩ tích cực hơn về nhiều khía cạnh trong cuộc sống. Bạn chỉ sống có một lần chính là sự lựa chọn tốt nhất dành cho những bạn trẻ đang tìm kiếm đáp án hoàn mỹ về hạnh phúc của bản thân.', 'A5', 192, '11.3 x 17.6', '2019-03-20', 'Publish001', 'Tiếng Việt', 'Cuốn sách chính là tập hợp những câu chuyện, câu nói hay về cuộc sống. Những dòng triết lý ngắn gọn, nội dung hướng bạn đọc đến những suy nghĩ tích cực hơn về nhiều khía cạnh trong cuộc sống. Bạn chỉ sống có một lần chính là sự lựa chọn tốt nhất dành cho những bạn trẻ đang tìm kiếm đáp án hoàn mỹ về hạnh phúc của bản thân.', NULL, 55000, 55000, NULL, 100, 'dacnhantam.jpg', 5),
('Book272', 'Trồng hạnh phúc', 'Category006', 'Author007', 'Cuốn sách chính là tập hợp những câu chuyện, câu nói hay về cuộc sống. Những dòng triết lý ngắn gọn, nội dung hướng bạn đọc đến những suy nghĩ tích cực hơn về nhiều khía cạnh trong cuộc sống. Bạn chỉ sống có một lần chính là sự lựa chọn tốt nhất dành cho những bạn trẻ đang tìm kiếm đáp án hoàn mỹ về hạnh phúc của bản thân.', 'A5', 192, '11.3 x 17.6', '2019-03-20', 'Publish001', 'Tiếng Việt', 'Cuốn sách chính là tập hợp những câu chuyện, câu nói hay về cuộc sống. Những dòng triết lý ngắn gọn, nội dung hướng bạn đọc đến những suy nghĩ tích cực hơn về nhiều khía cạnh trong cuộc sống. Bạn chỉ sống có một lần chính là sự lựa chọn tốt nhất dành cho những bạn trẻ đang tìm kiếm đáp án hoàn mỹ về hạnh phúc của bản thân.', NULL, 55000, 55000, NULL, 100, 'gieotronghanhphuc.jpg', 5),
('Book273', 'Kỷ luật tự giác', 'Category006', 'Author009', 'Cuốn sách chính là tập hợp những câu chuyện, câu nói hay về cuộc sống. Những dòng triết lý ngắn gọn, nội dung hướng bạn đọc đến những suy nghĩ tích cực hơn về nhiều khía cạnh trong cuộc sống. Bạn chỉ sống có một lần chính là sự lựa chọn tốt nhất dành cho những bạn trẻ đang tìm kiếm đáp án hoàn mỹ về hạnh phúc của bản thân.', 'A5', 192, '11.3 x 17.6', '2022-09-16', 'Publish001', 'Tiếng Việt', 'Cuốn sách chính là tập hợp những câu chuyện, câu nói hay về cuộc sống. Những dòng triết lý ngắn gọn, nội dung hướng bạn đọc đến những suy nghĩ tích cực hơn về nhiều khía cạnh trong cuộc sống. Bạn chỉ sống có một lần chính là sự lựa chọn tốt nhất dành cho những bạn trẻ đang tìm kiếm đáp án hoàn mỹ về hạnh phúc của bản thân.', NULL, 55000, 55000, NULL, 100, 'kyluattugiac.jpg', 5),
('Book274', 'Nghiệp tình yêu', 'Category006', 'Author008', 'Cuốn sách chính là tập hợp những câu chuyện, câu nói hay về cuộc sống. Những dòng triết lý ngắn gọn, nội dung hướng bạn đọc đến những suy nghĩ tích cực hơn về nhiều khía cạnh trong cuộc sống. Bạn chỉ sống có một lần chính là sự lựa chọn tốt nhất dành cho những bạn trẻ đang tìm kiếm đáp án hoàn mỹ về hạnh phúc của bản thân.', 'A5', 192, '11.3 x 17.6', '2019-03-20', 'Publish001', 'Tiếng Việt', 'Cuốn sách chính là tập hợp những câu chuyện, câu nói hay về cuộc sống. Những dòng triết lý ngắn gọn, nội dung hướng bạn đọc đến những suy nghĩ tích cực hơn về nhiều khía cạnh trong cuộc sống. Bạn chỉ sống có một lần chính là sự lựa chọn tốt nhất dành cho những bạn trẻ đang tìm kiếm đáp án hoàn mỹ về hạnh phúc của bản thân.', NULL, 55000, 55000, NULL, 100, 'nghieptinhyeu.jpg', 5),
('Book275', 'Người nam châm', 'Category006', 'Author008', 'Cuốn sách chính là tập hợp những câu chuyện, câu nói hay về cuộc sống. Những dòng triết lý ngắn gọn, nội dung hướng bạn đọc đến những suy nghĩ tích cực hơn về nhiều khía cạnh trong cuộc sống. Bạn chỉ sống có một lần chính là sự lựa chọn tốt nhất dành cho những bạn trẻ đang tìm kiếm đáp án hoàn mỹ về hạnh phúc của bản thân.', 'A5', 192, '11.3 x 17.6', '2019-03-20', 'Publish001', 'Tiếng Việt', 'Cuốn sách chính là tập hợp những câu chuyện, câu nói hay về cuộc sống. Những dòng triết lý ngắn gọn, nội dung hướng bạn đọc đến những suy nghĩ tích cực hơn về nhiều khía cạnh trong cuộc sống. Bạn chỉ sống có một lần chính là sự lựa chọn tốt nhất dành cho những bạn trẻ đang tìm kiếm đáp án hoàn mỹ về hạnh phúc của bản thân.', NULL, 55000, 55000, NULL, 100, 'nguoinamcham.jpg', 5),
('Book276', 'Sức mạnh tiềm thức', 'Category006', 'Author005', 'Cuốn sách chính là tập hợp những câu chuyện, câu nói hay về cuộc sống. Những dòng triết lý ngắn gọn, nội dung hướng bạn đọc đến những suy nghĩ tích cực hơn về nhiều khía cạnh trong cuộc sống. Bạn chỉ sống có một lần chính là sự lựa chọn tốt nhất dành cho những bạn trẻ đang tìm kiếm đáp án hoàn mỹ về hạnh phúc của bản thân.', 'A5', 192, '11.3 x 17.6', '2019-03-20', 'Publish001', 'Tiếng Việt', 'Cuốn sách chính là tập hợp những câu chuyện, câu nói hay về cuộc sống. Những dòng triết lý ngắn gọn, nội dung hướng bạn đọc đến những suy nghĩ tích cực hơn về nhiều khía cạnh trong cuộc sống. Bạn chỉ sống có một lần chính là sự lựa chọn tốt nhất dành cho những bạn trẻ đang tìm kiếm đáp án hoàn mỹ về hạnh phúc của bản thân.', NULL, 129000, 129000, NULL, 100, 'sucmanhtiemthuc.jpg', 5),
('Book277', 'Tâm lý học tính cách', 'Category006', 'Author004', 'Cuốn sách chính là tập hợp những câu chuyện, câu nói hay về cuộc sống. Những dòng triết lý ngắn gọn, nội dung hướng bạn đọc đến những suy nghĩ tích cực hơn về nhiều khía cạnh trong cuộc sống. Bạn chỉ sống có một lần chính là sự lựa chọn tốt nhất dành cho những bạn trẻ đang tìm kiếm đáp án hoàn mỹ về hạnh phúc của bản thân.', 'A5', 192, '11.3 x 17.6', '2019-03-20', 'Publish001', 'Tiếng Việt', 'Cuốn sách chính là tập hợp những câu chuyện, câu nói hay về cuộc sống. Những dòng triết lý ngắn gọn, nội dung hướng bạn đọc đến những suy nghĩ tích cực hơn về nhiều khía cạnh trong cuộc sống. Bạn chỉ sống có một lần chính là sự lựa chọn tốt nhất dành cho những bạn trẻ đang tìm kiếm đáp án hoàn mỹ về hạnh phúc của bản thân.', NULL, 129000, 129000, NULL, 100, 'tamlyhoctinhcach.jpg', 5),
('Book278', 'Thay đổi cuộc sống', 'Category006', 'Author004', 'Cuốn sách chính là tập hợp những câu chuyện, câu nói hay về cuộc sống. Những dòng triết lý ngắn gọn, nội dung hướng bạn đọc đến những suy nghĩ tích cực hơn về nhiều khía cạnh trong cuộc sống. Bạn chỉ sống có một lần chính là sự lựa chọn tốt nhất dành cho những bạn trẻ đang tìm kiếm đáp án hoàn mỹ về hạnh phúc của bản thân.', 'A5', 192, '11.3 x 17.6', '2019-03-20', 'Publish001', 'Tiếng Việt', 'Cuốn sách chính là tập hợp những câu chuyện, câu nói hay về cuộc sống. Những dòng triết lý ngắn gọn, nội dung hướng bạn đọc đến những suy nghĩ tích cực hơn về nhiều khía cạnh trong cuộc sống. Bạn chỉ sống có một lần chính là sự lựa chọn tốt nhất dành cho những bạn trẻ đang tìm kiếm đáp án hoàn mỹ về hạnh phúc của bản thân.', NULL, 129000, 129000, NULL, 100, 'thaydoicuocsongvoinhansohoc.jpg', 5),
('Book279', 'Tư duy phản biện', 'Category006', 'Author004', 'Cuốn sách chính là tập hợp những câu chuyện, câu nói hay về cuộc sống. Những dòng triết lý ngắn gọn, nội dung hướng bạn đọc đến những suy nghĩ tích cực hơn về nhiều khía cạnh trong cuộc sống. Bạn chỉ sống có một lần chính là sự lựa chọn tốt nhất dành cho những bạn trẻ đang tìm kiếm đáp án hoàn mỹ về hạnh phúc của bản thân.', 'A5', 192, '11.3 x 17.6', '2019-03-20', 'Publish001', 'Tiếng Việt', 'Cuốn sách chính là tập hợp những câu chuyện, câu ni hay về cuộc sống. Những dòng triết lý ngắn gọn, nội dung hướng bạn đọc đến những suy nghĩ tích cực hơn về nhiều khía cạnh trong cuộc sống. Bạn chỉ sống có một lần chính là sự lựa chọn tốt nhất dành cho những bạn trẻ đang tìm kiếm đáp án hoàn mỹ về hạnh phúc của bản thân.', NULL, 129000, 129000, NULL, 100, 'tuduyphanbien.jpg', 5),
('Book280', 'Tuổi trẻ đáng giá', 'Category006', 'Author004', 'Cuốn sách chính là tập hợp những câu chuyện, câu nói hay về cuộc sống. Những dòng triết lý ngắn gọn, nội dung hướng bạn đọc đến những suy nghĩ tích cực hơn về nhiều khía cạnh trong cuộc sống. Bạn chỉ sống có một lần chính là sự lựa chọn tốt nhất dành cho những bạn trẻ đang tìm kiếm đáp án hoàn mỹ về hạnh phúc của bản thân.', 'A5', 192, '11.3 x 17.6', '2019-03-20', 'Publish001', 'Tiếng Việt', 'Cuốn sách chính là tập hợp những câu chuyện, câu nói hay về cuộc sống. Những dòng triết lý ngắn gọn, nội dung hướng bạn đọc đến những suy nghĩ tích cực hơn về nhiều khía cạnh trong cuộc sống. Bạn chỉ sống có một lần chính là sự lựa chọn tốt nhất dành cho những bạn trẻ đang tìm kiếm đáp án hoàn mỹ về hạnh phúc của bản thân.', NULL, 82000, 82000, NULL, 100, 'tuoitredanggiabaonhieu.jpg', 5),
('Book281', 'Conan tập 14', 'Category007', 'Author004', 'Conan và các bạn được mời tới biệt thự của ảo thuật gia lừng danh Mr.Masakage. Hôm đó cũng đúng vừa tròn 10 năm kể từ khi Mr.Masakage đột nhiên biến mất. Tình cờ nhóm Conan lại phát hiện ra thi thể một trong các đồ đệ của Masakage. Cậu thám tử trung học của miền Tây Hattori Heiji cũng góp sức hết mình phá án!!', 'A5', 192, '11.3 x 17.6', '2019-03-20', 'Publish001', 'Tiếng Việt', 'Conan và các bạn được mời tới biệt thự của ảo thuật gia lừng danh Mr.Masakage. Hôm đó cũng đúng vừa tròn 10 năm kể từ khi Mr.Masakage đột nhiên biến mất. Tình cờ nhóm Conan lại phát hiện ra thi thể một trong các đồ đệ của Masakage. Cậu thám tử trung học của miền Tây Hattori Heiji cũng góp sức hết mình phá án!!', NULL, 20000, 20000, NULL, 100, 'conan14.jpg', 5),
('Book282', 'Conan tập 23', 'Category007', 'Author004', 'Conan và các bạn được mời tới biệt thự của ảo thuật gia lừng danh Mr.Masakage. Hôm đó cũng đúng vừa tròn 10 năm kể từ khi Mr.Masakage đột nhiên biến mất. Tình cờ nhóm Conan lại phát hiện ra thi thể một trong các đồ đệ của Masakage. Cậu thám tử trung học của miền Tây Hattori Heiji cũng góp sức hết mình phá án!!', 'A5', 192, '11.3 x 17.6', '2019-03-20', 'Publish001', 'Tiếng Việt', 'Conan và các bạn được mời tới biệt thự của ảo thuật gia lừng danh Mr.Masakage. Hôm đó cũng đúng vừa tròn 10 năm kể từ khi Mr.Masakage đột nhiên biến mất. Tình cờ nhóm Conan lại phát hiện ra thi thể một trong các đồ đệ của Masakage. Cậu thám tử trung học của miền Tây Hattori Heiji cũng góp sức hết mình phá án!!', NULL, 20000, 20000, NULL, 100, 'conan23.jpg', 5),
('Book283', 'Conan tập 36', 'Category007', 'Author004', 'Conan và các bạn được mời tới biệt thự của ảo thuật gia lừng danh Mr.Masakage. Hôm đó cũng đúng vừa tròn 10 năm kể từ khi Mr.Masakage đột nhiên biến mất. Tình cờ nhóm Conan lại phát hiện ra thi thể một trong các đồ đệ của Masakage. Cậu thám tử trung học của miền Tây Hattori Heiji cũng góp sức hết mình phá án!!', 'A5', 192, '11.3 x 17.6', '2020-03-20', 'Publish001', 'Tiếng Việt', 'Conan và các bạn được mời tới biệt thự của ảo thuật gia lừng danh Mr.Masakage. Hôm đó cũng đúng vừa tròn 10 năm kể từ khi Mr.Masakage đột nhiên biến mất. Tình cờ nhóm Conan lại phát hiện ra thi thể một trong các đồ đệ của Masakage. Cậu thám tử trung học của miền Tây Hattori Heiji cũng góp sức hết mình phá án!!', NULL, 20000, 20000, NULL, 100, 'conan36.jpg', 5),
('Book284', 'Conan tập 42', 'Category007', 'Author004', 'Conan và các bạn được mời tới biệt thự của ảo thuật gia lừng danh Mr.Masakage. Hôm đó cũng đúng vừa tròn 10 năm kể từ khi Mr.Masakage đột nhiên biến mất. Tình cờ nhóm Conan lại phát hiện ra thi thể một trong các đồ đệ của Masakage. Cậu thám tử trung học của miền Tây Hattori Heiji cũng góp sức hết mình phá án!!', 'A5', 192, '11.3 x 17.6', '2019-03-20', 'Publish001', 'Tiếng Việt', 'Conan và các bạn được mời tới biệt thự của ảo thuật gia lừng danh Mr.Masakage. Hôm đó cũng đúng vừa tròn 10 năm kể từ khi Mr.Masakage đột nhiên biến mất. Tình cờ nhóm Conan lại phát hiện ra thi thể một trong các đồ đệ của Masakage. Cậu thám tử trung học của miền Tây Hattori Heiji cũng góp sức hết mình phá án!!', NULL, 20000, 20000, NULL, 100, 'conan42.jpg', 5),
('Book285', 'Conan tập 50', 'Category007', 'Author004', 'Conan và các bạn được mời tới biệt thự của ảo thuật gia lừng danh Mr.Masakage. Hôm đó cũng đúng vừa tròn 10 năm kể từ khi Mr.Masakage đột nhiên biến mất. Tình cờ nhóm Conan lại phát hiện ra thi thể một trong các đồ đệ của Masakage. Cậu thám tử trung học của miền Tây Hattori Heiji cũng góp sức hết mình phá án!!', 'A5', 192, '11.3 x 17.6', '2019-03-20', 'Publish001', 'Tiếng Việt', 'Conan và các bạn được mời tới biệt thự của ảo thuật gia lừng danh Mr.Masakage. Hôm đó cũng đúng vừa tròn 10 năm kể từ khi Mr.Masakage đột nhiên biến mất. Tình cờ nhóm Conan lại phát hiện ra thi thể một trong các đồ đệ của Masakage. Cậu thám tử trung học của miền Tây Hattori Heiji cũng góp sức hết mình phá án!!', NULL, 20000, 20000, NULL, 100, 'conan50.jpg', 5),
('Book286', 'Conan tập 60', 'Category007', 'Author004', 'Conan và các bạn được mời tới biệt thự của ảo thuật gia lừng danh Mr.Masakage. Hôm đó cũng đúng vừa tròn 10 năm kể từ khi Mr.Masakage đột nhiên biến mất. Tình cờ nhóm Conan lại phát hiện ra thi thể một trong các đồ đệ của Masakage. Cậu thám tử trung học của miền Tây Hattori Heiji cũng góp sức hết mình phá án!!', 'A5', 192, '11.3 x 17.6', '2019-03-20', 'Publish001', 'Tiếng Việt', 'Conan và các bạn được mời tới biệt thự của ảo thuật gia lừng danh Mr.Masakage. Hôm đó cũng đúng vừa tròn 10 năm kể từ khi Mr.Masakage đột nhiên biến mất. Tình cờ nhóm Conan lại phát hiện ra thi thể một trong các đồ đệ của Masakage. Cậu thám tử trung học của miền Tây Hattori Heiji cũng góp sức hết mình phá án!!', NULL, 20000, 20000, NULL, 100, 'conan60.jpg', 5),
('Book287', 'Conan tập 85', 'Category007', 'Author004', 'Conan và các bạn được mời tới biệt thự của ảo thuật gia lừng danh Mr.Masakage. Hôm đó cũng đúng vừa tròn 10 năm kể từ khi Mr.Masakage đột nhiên biến mất. Tình cờ nhóm Conan lại phát hiện ra thi thể một trong các đồ đệ của Masakage. Cậu thám tử trung học của miền Tây Hattori Heiji cũng góp sức hết mình phá án!!', 'A5', 192, '11.3 x 17.6', '2019-03-20', 'Publish001', 'Tiếng Việt', 'Conan và các bạn được mời tới biệt thự của ảo thuật gia lừng danh Mr.Masakage. Hôm đó cũng đúng vừa tròn 10 năm kể từ khi Mr.Masakage đột nhiên biến mất. Tình cờ nhóm Conan lại phát hiện ra thi thể một trong các đồ đệ của Masakage. Cậu thám tử trung học của miền Tây Hattori Heiji cũng góp sức hết mình phá án!!', NULL, 20000, 20000, NULL, 100, 'conan85.jpg', 5),
('Book288', 'Conan tập 91', 'Category007', 'Author004', 'Conan và các bạn được mời tới biệt thự của ảo thuật gia lừng danh Mr.Masakage. Hôm đó cũng đúng vừa tròn 10 năm kể từ khi Mr.Masakage đột nhiên biến mất. Tình cờ nhóm Conan lại phát hiện ra thi thể một trong các đồ đệ của Masakage. Cậu thám tử trung học của miền Tây Hattori Heiji cũng góp sức hết mình phá án!!', 'A5', 192, '11.3 x 17.6', '2022-10-15', 'Publish001', 'Tiếng Việt', 'Conan và các bạn được mời tới biệt thự của ảo thuật gia lừng danh Mr.Masakage. Hôm đó cũng đúng vừa tròn 10 năm kể từ khi Mr.Masakage đột nhiên biến mất. Tình cờ nhóm Conan lại phát hiện ra thi thể một trong các đồ đệ của Masakage. Cậu thám tử trung học của miền Tây Hattori Heiji cũng góp sức hết mình phá án!!', NULL, 20000, 20000, NULL, 100, 'conan91.jpg', 5),
('Book289', 'Đô rê mon tập 2', 'Category007', 'Author005', 'Conan và các bạn được mời tới biệt thự của ảo thuật gia lừng danh Mr.Masakage. Hôm đó cũng đúng vừa tròn 10 năm kể từ khi Mr.Masakage đột nhiên biến mất. Tình cờ nhóm Conan lại phát hiện ra thi thể một trong các đồ đệ của Masakage. Cậu thám tử trung học của miền Tây Hattori Heiji cũng góp sức hết mình phá án!!', 'A5', 192, '11.3 x 17.6', '2019-03-20', 'Publish001', 'Tiếng Việt', 'Conan và các bạn được mời tới biệt thự của ảo thuật gia lừng danh Mr.Masakage. Hôm đó cũng đúng vừa tròn 10 năm kể từ khi Mr.Masakage đột nhiên biến mất. Tình cờ nhóm Conan lại phát hiện ra thi thể một trong các đồ đệ của Masakage. Cậu thám tử trung học của miền Tây Hattori Heiji cũng góp sức hết mình phá án!!', NULL, 20000, 20000, NULL, 100, 'doremon2.jpg', 5),
('Book290', 'Đô rê mon tập 15', 'Category007', 'Author005', 'Conan và các bạn được mời tới biệt thự của ảo thuật gia lừng danh Mr.Masakage. Hôm đó cũng đúng vừa tròn 10 năm kể từ khi Mr.Masakage đột nhiên biến mất. Tình cờ nhóm Conan lại phát hiện ra thi thể một trong các đồ đệ của Masakage. Cậu thám tử trung học của miền Tây Hattori Heiji cũng góp sức hết mình phá án!!', 'A5', 192, '11.3 x 17.6', '2019-03-20', 'Publish001', 'Tiếng Việt', 'Conan và các bạn được mời tới biệt thự của ảo thuật gia lừng danh Mr.Masakage. Hôm đó cũng đúng vừa tròn 10 năm kể từ khi Mr.Masakage đột nhiên biến mất. Tình cờ nhóm Conan lại phát hiện ra thi thể một trong các đồ đệ của Masakage. Cậu thám tử trung học của miền Tây Hattori Heiji cũng góp sức hết mình phá án!!', NULL, 20000, 20000, NULL, 100, 'doremon15.jpg', 5),
('Book291', 'Đô rê mon tập 5', 'Category007', 'Author005', 'Conan và các bạn được mời tới biệt thự của ảo thuật gia lừng danh Mr.Masakage. Hôm đó cũng đúng vừa tròn 10 năm kể từ khi Mr.Masakage đột nhiên biến mất. Tình cờ nhóm Conan lại phát hiện ra thi thể một trong các đồ đệ của Masakage. Cậu thám tử trung học của miền Tây Hattori Heiji cũng góp sức hết mình phá án!!', 'A5', 192, '11.3 x 17.6', '2019-03-20', 'Publish001', 'Tiếng Việt', 'Conan và các bạn được mời tới biệt thự của ảo thuật gia lừng danh Mr.Masakage. Hôm đó cũng đúng vừa tròn 10 năm kể từ khi Mr.Masakage đột nhiên biến mất. Tình cờ nhóm Conan lại phát hiện ra thi thể một trong các đồ đệ của Masakage. Cậu thám tử trung học của miền Tây Hattori Heiji cũng góp sức hết mình phá án!!', NULL, 20000, 20000, NULL, 100, 'doremon5.jpg', 5),
('Book292', 'Dragon Ball', 'Category007', 'Author001', 'Conan và các bạn được mời tới biệt thự của ảo thuật gia lừng danh Mr.Masakage. Hôm đó cũng đúng vừa tròn 10 năm kể từ khi Mr.Masakage đột nhiên biến mất. Tình cờ nhóm Conan lại phát hiện ra thi thể một trong các đồ đệ của Masakage. Cậu thám tử trung học của miền Tây Hattori Heiji cũng góp sức hết mình phá án!!', 'A5', 192, '11.3 x 17.6', '2019-03-20', 'Publish001', 'Tiếng Việt', 'Conan và các bạn được mời tới biệt thự của ảo thuật gia lừng danh Mr.Masakage. Hôm đó cũng đúng vừa tròn 10 năm kể từ khi Mr.Masakage đột nhiên biến mất. Tình cờ nhóm Conan lại phát hiện ra thi thể một trong các đồ đệ của Masakage. Cậu thám tử trung học của miền Tây Hattori Heiji cũng góp sức hết mình phá án!!', NULL, 20000, 20000, NULL, 100, 'dragonball7.jpg', 5),
('Book293', 'Dragon Ball', 'Category007', 'Author001', 'Conan và các bạn được mời tới biệt thự của ảo thuật gia lừng danh Mr.Masakage. Hôm đó cũng đúng vừa tròn 10 năm kể từ khi Mr.Masakage đột nhiên biến mất. Tình cờ nhóm Conan lại phát hiện ra thi thể một trong các đồ đệ của Masakage. Cậu thám tử trung học của miền Tây Hattori Heiji cũng góp sức hết mình phá án!!', 'A5', 192, '11.3 x 17.6', '2019-03-20', 'Publish001', 'Tiếng Việt', 'Conan và các bạn được mời tới biệt thự của ảo thuật gia lừng danh Mr.Masakage. Hôm đó cũng đúng vừa tròn 10 năm kể từ khi Mr.Masakage đột nhiên biến mất. Tình cờ nhóm Conan lại phát hiện ra thi thể một trong các đồ đệ của Masakage. Cậu thám tử trung học của miền Tây Hattori Heiji cũng góp sức hết mình phá án!!', NULL, 20000, 20000, NULL, 100, 'dragonball8.jpg', 5),
('Book294', 'Dragon Ball', 'Category007', 'Author001', 'Conan và các bạn được mời tới biệt thự của ảo thuật gia lừng danh Mr.Masakage. Hôm đó cũng đúng vừa tròn 10 năm kể từ khi Mr.Masakage đột nhiên biến mất. Tình cờ nhóm Conan lại phát hiện ra thi thể một trong các đồ đệ của Masakage. Cậu thám tử trung học của miền Tây Hattori Heiji cũng góp sức hết mình phá án!!', 'A5', 192, '11.3 x 17.6', '2019-03-20', 'Publish001', 'Tiếng Việt', 'Conan và các bạn được mời tới biệt thự của ảo thuật gia lừng danh Mr.Masakage. Hôm đó cũng đúng vừa tròn 10 năm kể từ khi Mr.Masakage đột nhiên biến mất. Tình cờ nhóm Conan lại phát hiện ra thi thể một trong các đồ đệ của Masakage. Cậu thám tử trung học của miền Tây Hattori Heiji cũng góp sức hết mình phá án!!', NULL, 20000, 20000, NULL, 100, 'dragonball10.jpg', 5),
('Book295', 'Dragon Ball', 'Category007', 'Author001', 'Conan và các bạn được mời tới biệt thự của ảo thuật gia lừng danh Mr.Masakage. Hôm đó cũng đúng vừa tròn 10 năm kể từ khi Mr.Masakage đột nhiên biến mất. Tình cờ nhóm Conan lại phát hiện ra thi thể một trong các đồ đệ của Masakage. Cậu thám tử trung học của miền Tây Hattori Heiji cũng góp sức hết mình phá án!!', 'A5', 192, '11.3 x 17.6', '2019-03-20', 'Publish001', 'Tiếng Việt', 'Conan và các bạn được mời tới biệt thự của ảo thuật gia lừng danh Mr.Masakage. Hôm đó cũng đúng vừa tròn 10 năm kể từ khi Mr.Masakage đột nhiên biến mất. Tình cờ nhóm Conan lại phát hiện ra thi thể một trong các đồ đệ của Masakage. Cậu thám tử trung học của miền Tây Hattori Heiji cũng góp sức hết mình phá án!!', NULL, 20000, 20000, NULL, 100, 'dragonball21.jpg', 5),
('Book296', 'Dragon Ball', 'Category007', 'Author001', 'Conan và các bạn được mời tới biệt thự của ảo thuật gia lừng danh Mr.Masakage. Hôm đó cũng đúng vừa tròn 10 năm kể từ khi Mr.Masakage đột nhiên biến mất. Tình cờ nhóm Conan lại phát hiện ra thi thể một trong các đồ đệ của Masakage. Cậu thám tử trung học của miền Tây Hattori Heiji cũng góp sức hết mình phá án!!', 'A5', 192, '11.3 x 17.6', '2019-03-20', 'Publish001', 'Tiếng Việt', 'Conan và các bạn được mời tới biệt thự của ảo thuật gia lừng danh Mr.Masakage. Hôm đó cũng đúng vừa tròn 10 năm kể từ khi Mr.Masakage đột nhiên biến mất. Tình cờ nhóm Conan lại phát hiện ra thi thể một trong các đồ đệ của Masakage. Cậu thám tử trung học của miền Tây Hattori Heiji cũng góp sức hết mình phá án!!', NULL, 20000, 20000, NULL, 100, 'dragonball39.jpg', 5),
('Book298', 'Shin bút chì 3', 'Category007', 'Author002', 'Conan và các bạn được mời tới biệt thự của ảo thuật gia lừng danh Mr.Masakage. Hôm đó cũng đúng vừa tròn 10 năm kể từ khi Mr.Masakage đột nhiên biến mất. Tình cờ nhóm Conan lại phát hiện ra thi thể một trong các đồ đệ của Masakage. Cậu thám tử trung học của miền Tây Hattori Heiji cũng góp sức hết mình phá án!!', 'A5', 192, '11.3 x 17.6', '2019-03-20', 'Publish001', 'Tiếng Việt', 'Conan và các bạn được mời tới biệt thự của ảo thuật gia lừng danh Mr.Masakage. Hôm đó cũng đúng vừa tròn 10 năm kể từ khi Mr.Masakage đột nhiên biến mất. Tình cờ nhóm Conan lại phát hiện ra thi thể một trong các đồ đệ của Masakage. Cậu thám tử trung học của miền Tây Hattori Heiji cũng góp sức hết mình phá án!!', NULL, 20000, 20000, NULL, 100, 'shin3.jpg', 5),
('Book299', 'Shin bút chì 27', 'Category007', 'Author002', 'Conan và các bạn được mời tới biệt thự của ảo thuật gia lừng danh Mr.Masakage. Hôm đó cũng đúng vừa tròn 10 năm kể từ khi Mr.Masakage đột nhiên biến mất. Tình cờ nhóm Conan lại phát hiện ra thi thể một trong các đồ đệ của Masakage. Cậu thám tử trung học của miền Tây Hattori Heiji cũng góp sức hết mình phá án!!', 'A5', 192, '11.3 x 17.6', '2019-03-20', 'Publish001', 'Tiếng Việt', 'Conan và các bạn được mời tới biệt thự của ảo thuật gia lừng danh Mr.Masakage. Hôm đó cũng đúng vừa tròn 10 năm kể từ khi Mr.Masakage đột nhiên biến mất. Tình cờ nhóm Conan lại phát hiện ra thi thể một trong các đồ đệ của Masakage. Cậu thám tử trung học của miền Tây Hattori Heiji cũng góp sức hết mình phá án!!', NULL, 20000, 20000, NULL, 100, 'shin27.jpg', 5),
('Book300', 'Shin bút chì 44', 'Category007', 'Author002', 'Conan và các bạn được mời tới biệt thự của ảo thuật gia lừng danh Mr.Masakage. Hôm đó cũng đúng vừa tròn 10 năm kể từ khi Mr.Masakage đột nhiên biến mất. Tình cờ nhóm Conan lại phát hiện ra thi thể một trong các đồ đệ của Masakage. Cậu thám tử trung học của miền Tây Hattori Heiji cũng góp sức hết mình phá án!!', 'A5', 192, '11.3 x 17.6', '2019-03-20', 'Publish001', 'Tiếng Việt', 'Conan và các bạn được mời tới biệt thự của ảo thuật gia lừng danh Mr.Masakage. Hôm đó cũng đúng vừa tròn 10 năm kể từ khi Mr.Masakage đột nhiên biến mất. Tình cờ nhóm Conan lại phát hiện ra thi thể một trong các đồ đệ của Masakage. Cậu thám tử trung học của miền Tây Hattori Heiji cũng góp sức hết mình phá án!!', NULL, 20000, 20000, NULL, 100, 'shin44.jpg', 5),
('Book301', 'Shin bút chì 50', 'Category007', 'Author002', 'Conan và các bạn được mời tới biệt thự của ảo thuật gia lừng danh Mr.Masakage. Hôm đó cũng đúng vừa tròn 10 năm kể từ khi Mr.Masakage đột nhiên biến mất. Tình cờ nhóm Conan lại phát hiện ra thi thể một trong các đồ đệ của Masakage. Cậu thám tử trung học của miền Tây Hattori Heiji cũng góp sức hết mình phá án!!', 'A5', 192, '11.3 x 17.6', '2019-03-20', 'Publish001', 'Tiếng Việt', 'Conan và các bạn được mời tới biệt thự của ảo thuật gia lừng danh Mr.Masakage. Hôm đó cũng đúng vừa tròn 10 năm kể từ khi Mr.Masakage đột nhiên biến mất. Tình cờ nhóm Conan lại phát hiện ra thi thể một trong các đồ đệ của Masakage. Cậu thám tử trung học của miền Tây Hattori Heiji cũng góp sức hết mình phá án!!', NULL, 20000, 20000, NULL, 100, 'shin50.jpg', 5),
('Book302', 'Dragon Ball', 'Category007', 'Author001', 'Conan và các bạn được mời tới biệt thự của ảo thuật gia lừng danh Mr.Masakage. Hôm đó cũng đúng vừa tròn 10 năm kể từ khi Mr.Masakage đột nhiên biến mất. Tình cờ nhóm Conan lại phát hiện ra thi thể một trong các đồ đệ của Masakage. Cậu thám tử trung học của miền Tây Hattori Heiji cũng góp sức hết mình phá án!!', 'A5', 192, '11.3 x 17.6', '2019-03-20', 'Publish001', 'Tiếng Việt', 'Conan và các bạn được mời tới biệt thự của ảo thuật gia lừng danh Mr.Masakage. Hôm đó cũng đúng vừa tròn 10 năm kể từ khi Mr.Masakage đột nhiên biến mất. Tình cờ nhóm Conan lại phát hiện ra thi thể một trong các đồ đệ của Masakage. Cậu thám tử trung học của miền Tây Hattori Heiji cũng góp sức hết mình phá án!!', NULL, 20000, 20000, NULL, 100, 'dragonball10.jpg', 5),
('Book303', 'Dragon Ball', 'Category007', 'Author001', 'Conan và các bạn được mời tới biệt thự của ảo thuật gia lừng danh Mr.Masakage. Hôm đó cũng đúng vừa tròn 10 năm kể từ khi Mr.Masakage đột nhiên biến mất. Tình cờ nhóm Conan lại phát hiện ra thi thể một trong các đồ đệ của Masakage. Cậu thám tử trung học của miền Tây Hattori Heiji cũng góp sức hết mình phá án!!', 'A5', 192, '11.3 x 17.6', '2019-03-20', 'Publish001', 'Tiếng Việt', 'Conan và các bạn được mời tới biệt thự của ảo thuật gia lừng danh Mr.Masakage. Hôm đó cũng đúng vừa tròn 10 năm kể từ khi Mr.Masakage đột nhiên biến mất. Tình cờ nhóm Conan lại phát hiện ra thi thể một trong các đồ đệ của Masakage. Cậu thám tử trung học của miền Tây Hattori Heiji cũng góp sức hết mình phá án!!', NULL, 20000, 20000, NULL, 100, 'dragonball21.jpg', 5),
('Book304', 'Dragon Ball', 'Category007', 'Author001', 'Conan và các bạn được mời tới biệt thự của ảo thuật gia lừng danh Mr.Masakage. Hôm đó cũng đúng vừa tròn 10 năm kể từ khi Mr.Masakage đột nhiên biến mất. Tình cờ nhóm Conan lại phát hiện ra thi thể một trong các đồ đệ của Masakage. Cậu thám tử trung học của miền Tây Hattori Heiji cũng góp sức hết mình phá án!!', 'A5', 192, '11.3 x 17.6', '2019-03-20', 'Publish001', 'Tiếng Việt', 'Conan và các bạn được mời tới biệt thự của ảo thuật gia lừng danh Mr.Masakage. Hôm đó cũng đúng vừa tròn 10 năm kể từ khi Mr.Masakage đột nhiên biến mất. Tình cờ nhóm Conan lại phát hiện ra thi thể một trong các đồ đệ của Masakage. Cậu thám tử trung học của miền Tây Hattori Heiji cũng góp sức hết mình phá án!!', NULL, 20000, 20000, NULL, 100, 'dragonball39.jpg', 5),
('Book305', 'Shin bút chì 1', 'Category007', 'Author002', 'Conan và các bạn được mời tới biệt thự của ảo thuật gia lừng danh Mr.Masakage. Hôm đó cũng đúng vừa tròn 10 năm kể từ khi Mr.Masakage đột nhiên biến mất. Tình cờ nhóm Conan lại phát hiện ra thi thể một trong các đồ đệ của Masakage. Cậu thám tử trung học của miền Tây Hattori Heiji cũng góp sức hết mình phá án!!', 'A5', 192, '11.3 x 17.6', '2019-03-20', 'Publish001', 'Tiếng Việt', 'Conan và các bạn được mời tới biệt thự của ảo thuật gia lừng danh Mr.Masakage. Hôm đó cũng đúng vừa tròn 10 năm kể từ khi Mr.Masakage đột nhiên biến mất. Tình cờ nhóm Conan lại phát hiện ra thi thể một trong các đồ đệ của Masakage. Cậu thám tử trung học của miền Tây Hattori Heiji cũng góp sức hết mình phá án!!', NULL, 20000, 20000, NULL, 100, 'shin.jpg', 5),
('Book397', 'Shin bút chì 1', 'Category007', 'Author002', 'Conan và các bạn được mời tới biệt thự của ảo thuật gia lừng danh Mr.Masakage. Hôm đó cũng đúng vừa tròn 10 năm kể từ khi Mr.Masakage đột nhiên biến mất. Tình cờ nhóm Conan lại phát hiện ra thi thể một trong các đồ đệ của Masakage. Cậu thám tử trung học của miền Tây Hattori Heiji cũng góp sức hết mình phá án!!', 'A5', 192, '11.3 x 17.6', '2019-03-20', 'Publish001', 'Tiếng Việt', 'Conan và các bạn được mời tới biệt thự của ảo thuật gia lừng danh Mr.Masakage. Hôm đó cũng đúng vừa tròn 10 năm kể từ khi Mr.Masakage đột nhiên biến mất. Tình cờ nhóm Conan lại phát hiện ra thi thể một trong các đồ đệ của Masakage. Cậu thám tử trung học của miền Tây Hattori Heiji cũng góp sức hết mình phá án!!', NULL, 20000, 20000, NULL, 100, 'shin.jpg', 5),
('Book83', 'Conan tập 14', 'Category007', 'Author004', 'Conan và các bạn được mời tới biệt thự của ảo thuật gia lừng danh Mr.Masakage. Hôm đó cũng đúng vừa tròn 10 năm kể từ khi Mr.Masakage đột nhiên biến mất. Tình cờ nhóm Conan lại phát hiện ra thi thể một trong các đồ đệ của Masakage. Cậu thám tử trung học của miền Tây Hattori Heiji cũng góp sức hết mình phá án!!', 'A5', 192, '11.3 x 17.6', '2019-03-20', 'Publish001', 'Tiếng Việt', 'Conan và các bạn được mời tới biệt thự của ảo thuật gia lừng danh Mr.Masakage. Hôm đó cũng đúng vừa tròn 10 năm kể từ khi Mr.Masakage đột nhiên biến mất. Tình cờ nhóm Conan lại phát hiện ra thi thể một trong các đồ đệ của Masakage. Cậu thám tử trung học của miền Tây Hattori Heiji cũng góp sức hết mình phá án!!', NULL, 20000, 20000, NULL, 100, 'conan14.jpg', 5),
('Book84', 'Conan tập 23', 'Category007', 'Author004', 'Conan và các bạn được mời tới biệt thự của ảo thuật gia lừng danh Mr.Masakage. Hôm đó cũng đúng vừa tròn 10 năm kể từ khi Mr.Masakage đột nhiên biến mất. Tình cờ nhóm Conan lại phát hiện ra thi thể một trong các đồ đệ của Masakage. Cậu thám tử trung học của miền Tây Hattori Heiji cũng góp sức hết mình phá án!!', 'A5', 192, '11.3 x 17.6', '2019-03-20', 'Publish001', 'Tiếng Việt', 'Conan và các bạn được mời tới biệt thự của ảo thuật gia lừng danh Mr.Masakage. Hôm đó cũng đúng vừa tròn 10 năm kể từ khi Mr.Masakage đột nhiên biến mất. Tình cờ nhóm Conan lại phát hiện ra thi thể một trong các đồ đệ của Masakage. Cậu thám tử trung học của miền Tây Hattori Heiji cũng góp sức hết mình phá án!!', NULL, 20000, 20000, NULL, 100, 'conan23.jpg', 5),
('Book85', 'Conan tập 36', 'Category007', 'Author004', 'Conan và các bạn được mời tới biệt thự của ảo thuật gia lừng danh Mr.Masakage. Hôm đó cũng đúng vừa tròn 10 năm kể từ khi Mr.Masakage đột nhiên biến mất. Tình cờ nhóm Conan lại phát hiện ra thi thể một trong các đồ đệ của Masakage. Cậu thám tử trung học của miền Tây Hattori Heiji cũng góp sức hết mình phá án!!', 'A5', 192, '11.3 x 17.6', '2020-03-20', 'Publish001', 'Tiếng Việt', 'Conan và các bạn được mời tới biệt thự của ảo thuật gia lừng danh Mr.Masakage. Hôm đó cũng đúng vừa tròn 10 năm kể từ khi Mr.Masakage đột nhiên biến mất. Tình cờ nhóm Conan lại phát hiện ra thi thể một trong các đồ đệ của Masakage. Cậu thám tử trung học của miền Tây Hattori Heiji cũng góp sức hết mình phá án!!', NULL, 20000, 20000, NULL, 100, 'conan36.jpg', 5),
('Book86', 'Conan tập 42', 'Category007', 'Author004', 'Conan và các bạn được mời tới biệt thự của ảo thuật gia lừng danh Mr.Masakage. Hôm đó cũng đúng vừa tròn 10 năm kể từ khi Mr.Masakage đột nhiên biến mất. Tình cờ nhóm Conan lại phát hiện ra thi thể một trong các đồ đệ của Masakage. Cậu thám tử trung học của miền Tây Hattori Heiji cũng góp sức hết mình phá án!!', 'A5', 192, '11.3 x 17.6', '2019-03-20', 'Publish001', 'Tiếng Việt', 'Conan và các bạn được mời tới biệt thự của ảo thuật gia lừng danh Mr.Masakage. Hôm đó cũng đúng vừa tròn 10 năm kể từ khi Mr.Masakage đột nhiên biến mất. Tình cờ nhóm Conan lại phát hiện ra thi thể một trong các đồ đệ của Masakage. Cậu thám tử trung học của miền Tây Hattori Heiji cũng góp sức hết mình phá án!!', NULL, 20000, 20000, NULL, 100, 'conan42.jpg', 5),
('Book87', 'Conan tập 50', 'Category007', 'Author004', 'Conan và các bạn được mời tới biệt thự của ảo thuật gia lừng danh Mr.Masakage. Hôm đó cũng đúng vừa tròn 10 năm kể từ khi Mr.Masakage đột nhiên biến mất. Tình cờ nhóm Conan lại phát hiện ra thi thể một trong các đồ đệ của Masakage. Cậu thám tử trung học của miền Tây Hattori Heiji cũng góp sức hết mình phá án!!', 'A5', 192, '11.3 x 17.6', '2019-03-20', 'Publish001', 'Tiếng Việt', 'Conan và các bạn được mời tới biệt thự của ảo thuật gia lừng danh Mr.Masakage. Hôm đó cũng đúng vừa tròn 10 năm kể từ khi Mr.Masakage đột nhiên biến mất. Tình cờ nhóm Conan lại phát hiện ra thi thể một trong các đồ đệ của Masakage. Cậu thám tử trung học của miền Tây Hattori Heiji cũng góp sức hết mình phá án!!', NULL, 20000, 20000, NULL, 100, 'conan50.jpg', 5),
('Book88', 'Conan tập 60', 'Category007', 'Author004', 'Conan và các bạn được mời tới biệt thự của ảo thuật gia lừng danh Mr.Masakage. Hôm đó cũng đúng vừa tròn 10 năm kể từ khi Mr.Masakage đột nhiên biến mất. Tình cờ nhóm Conan lại phát hiện ra thi thể một trong các đồ đệ của Masakage. Cậu thám tử trung học của miền Tây Hattori Heiji cũng góp sức hết mình phá án!!', 'A5', 192, '11.3 x 17.6', '2019-03-20', 'Publish001', 'Tiếng Việt', 'Conan và các bạn được mời tới biệt thự của ảo thuật gia lừng danh Mr.Masakage. Hôm đó cũng đúng vừa tròn 10 năm kể từ khi Mr.Masakage đột nhiên biến mất. Tình cờ nhóm Conan lại phát hiện ra thi thể một trong các đồ đệ của Masakage. Cậu thám tử trung học của miền Tây Hattori Heiji cũng góp sức hết mình phá án!!', NULL, 20000, 20000, NULL, 100, 'conan60.jpg', 5),
('Book89', 'Conan tập 85', 'Category007', 'Author004', 'Conan và các bạn được mời tới biệt thự của ảo thuật gia lừng danh Mr.Masakage. Hôm đó cũng đúng vừa tròn 10 năm kể từ khi Mr.Masakage đột nhiên biến mất. Tình cờ nhóm Conan lại phát hiện ra thi thể một trong các đồ đệ của Masakage. Cậu thám tử trung học của miền Tây Hattori Heiji cũng góp sức hết mình phá án!!', 'A5', 192, '11.3 x 17.6', '2019-03-20', 'Publish001', 'Tiếng Việt', 'Conan và các bạn được mời tới biệt thự của ảo thuật gia lừng danh Mr.Masakage. Hôm đó cũng đúng vừa tròn 10 năm kể từ khi Mr.Masakage đột nhiên biến mất. Tình cờ nhóm Conan lại phát hiện ra thi thể một trong các đồ đệ của Masakage. Cậu thám tử trung học của miền Tây Hattori Heiji cũng góp sức hết mình phá án!!', NULL, 20000, 20000, NULL, 100, 'conan85.jpg', 5),
('Book90', 'Conan tập 91', 'Category007', 'Author004', 'Conan và các bạn được mời tới biệt thự của ảo thuật gia lừng danh Mr.Masakage. Hôm đó cũng đúng vừa tròn 10 năm kể từ khi Mr.Masakage đột nhiên biến mất. Tình cờ nhóm Conan lại phát hiện ra thi thể một trong các đồ đệ của Masakage. Cậu thám tử trung học của miền Tây Hattori Heiji cũng góp sức hết mình phá án!!', 'A5', 192, '11.3 x 17.6', '2019-03-20', 'Publish001', 'Tiếng Việt', 'Conan và các bạn được mời tới biệt thự của ảo thuật gia lừng danh Mr.Masakage. Hôm đó cũng đúng vừa tròn 10 năm kể từ khi Mr.Masakage đột nhiên biến mất. Tình cờ nhóm Conan lại phát hiện ra thi thể một trong các đồ đệ của Masakage. Cậu thám tử trung học của miền Tây Hattori Heiji cũng góp sức hết mình phá án!!', NULL, 20000, 20000, NULL, 100, 'conan91.jpg', 5),
('Book91', 'Đô rê mon tập 2', 'Category007', 'Author005', 'Conan và các bạn được mời tới biệt thự của ảo thuật gia lừng danh Mr.Masakage. Hôm đó cũng đúng vừa tròn 10 năm kể từ khi Mr.Masakage đột nhiên biến mất. Tình cờ nhóm Conan lại phát hiện ra thi thể một trong các đồ đệ của Masakage. Cậu thám tử trung học của miền Tây Hattori Heiji cũng góp sức hết mình phá án!!', 'A5', 192, '11.3 x 17.6', '2019-03-20', 'Publish001', 'Tiếng Việt', 'Conan và các bạn được mời tới biệt thự của ảo thuật gia lừng danh Mr.Masakage. Hôm đó cũng đúng vừa tròn 10 năm kể từ khi Mr.Masakage đột nhiên biến mất. Tình cờ nhóm Conan lại phát hiện ra thi thể một trong các đồ đệ của Masakage. Cậu thám tử trung học của miền Tây Hattori Heiji cũng góp sức hết mình phá án!!', NULL, 20000, 20000, NULL, 100, 'doremon2.jpg', 5);
INSERT INTO `books` (`BookID`, `BookName`, `CategoryID`, `AuthorID`, `Descript`, `formats`, `pages`, `dimensions`, `publicationDate`, `PublisherID`, `Languages`, `Illustrationsnote`, `OtherFormat`, `OldPrice`, `Price`, `Statuss`, `Quantity`, `FileIMG`, `ReviewStar`) VALUES
('Book92', 'Đô rê mon tập 15', 'Category007', 'Author005', 'Conan và các bạn được mời tới biệt thự của ảo thuật gia lừng danh Mr.Masakage. Hôm đó cũng đúng vừa tròn 10 năm kể từ khi Mr.Masakage đột nhiên biến mất. Tình cờ nhóm Conan lại phát hiện ra thi thể một trong các đồ đệ của Masakage. Cậu thám tử trung học của miền Tây Hattori Heiji cũng góp sức hết mình phá án!!', 'A5', 192, '11.3 x 17.6', '2019-03-20', 'Publish001', 'Tiếng Việt', 'Conan và các bạn được mời tới biệt thự của ảo thuật gia lừng danh Mr.Masakage. Hôm đó cũng đúng vừa tròn 10 năm kể từ khi Mr.Masakage đột nhiên biến mất. Tình cờ nhóm Conan lại phát hiện ra thi thể một trong các đồ đệ của Masakage. Cậu thám tử trung học của miền Tây Hattori Heiji cũng góp sức hết mình phá án!!', NULL, 20000, 20000, NULL, 100, 'doremon15.jpg', 5),
('Book93', 'Đô rê mon tập 5', 'Category007', 'Author005', 'Conan và các bạn được mời tới biệt thự của ảo thuật gia lừng danh Mr.Masakage. Hôm đó cũng đúng vừa tròn 10 năm kể từ khi Mr.Masakage đột nhiên biến mất. Tình cờ nhóm Conan lại phát hiện ra thi thể một trong các đồ đệ của Masakage. Cậu thám tử trung học của miền Tây Hattori Heiji cũng góp sức hết mình phá án!!', 'A5', 192, '11.3 x 17.6', '2019-03-20', 'Publish001', 'Tiếng Việt', 'Conan và các bạn được mời tới biệt thự của ảo thuật gia lừng danh Mr.Masakage. Hôm đó cũng đúng vừa tròn 10 năm kể từ khi Mr.Masakage đột nhiên biến mất. Tình cờ nhóm Conan lại phát hiện ra thi thể một trong các đồ đệ của Masakage. Cậu thám tử trung học của miền Tây Hattori Heiji cũng góp sức hết mình phá án!!', NULL, 20000, 20000, NULL, 100, 'doremon5.jpg', 5),
('Book94', 'Dragon Ball', 'Category007', 'Author001', 'Conan và các bạn được mời tới biệt thự của ảo thuật gia lừng danh Mr.Masakage. Hôm đó cũng đúng vừa tròn 10 năm kể từ khi Mr.Masakage đột nhiên biến mất. Tình cờ nhóm Conan lại phát hiện ra thi thể một trong các đồ đệ của Masakage. Cậu thám tử trung học của miền Tây Hattori Heiji cũng góp sức hết mình phá án!!', 'A5', 192, '11.3 x 17.6', '2019-03-20', 'Publish001', 'Tiếng Việt', 'Conan và các bạn được mời tới biệt thự của ảo thuật gia lừng danh Mr.Masakage. Hôm đó cũng đúng vừa tròn 10 năm kể từ khi Mr.Masakage đột nhiên biến mất. Tình cờ nhóm Conan lại phát hiện ra thi thể một trong các đồ đệ của Masakage. Cậu thám tử trung học của miền Tây Hattori Heiji cũng góp sức hết mình phá án!!', NULL, 20000, 20000, NULL, 100, 'dragonball7.jpg', 5),
('Book95', 'Dragon Ball', 'Category007', 'Author001', 'Conan và các bạn được mời tới biệt thự của ảo thuật gia lừng danh Mr.Masakage. Hôm đó cũng đúng vừa tròn 10 năm kể từ khi Mr.Masakage đột nhiên biến mất. Tình cờ nhóm Conan lại phát hiện ra thi thể một trong các đồ đệ của Masakage. Cậu thám tử trung học của miền Tây Hattori Heiji cũng góp sức hết mình phá án!!', 'A5', 192, '11.3 x 17.6', '2019-03-20', 'Publish001', 'Tiếng Việt', 'Conan và các bạn được mời tới biệt thự của ảo thuật gia lừng danh Mr.Masakage. Hôm đó cũng đúng vừa tròn 10 năm kể từ khi Mr.Masakage đột nhiên biến mất. Tình cờ nhóm Conan lại phát hiện ra thi thể một trong các đồ đệ của Masakage. Cậu thám tử trung học của miền Tây Hattori Heiji cũng góp sức hết mình phá án!!', NULL, 20000, 20000, NULL, 100, 'dragonball8.jpg', 5),
('Book96', 'Dragon Ball', 'Category007', 'Author001', 'Conan và các bạn được mời tới biệt thự của ảo thuật gia lừng danh Mr.Masakage. Hôm đó cũng đúng vừa tròn 10 năm kể từ khi Mr.Masakage đột nhiên biến mất. Tình cờ nhóm Conan lại phát hiện ra thi thể một trong các đồ đệ của Masakage. Cậu thám tử trung học của miền Tây Hattori Heiji cũng góp sức hết mình phá án!!', 'A5', 192, '11.3 x 17.6', '2019-03-20', 'Publish001', 'Tiếng Việt', 'Conan và các bạn được mời tới biệt thự của ảo thuật gia lừng danh Mr.Masakage. Hôm đó cũng đúng vừa tròn 10 năm kể từ khi Mr.Masakage đột nhiên biến mất. Tình cờ nhóm Conan lại phát hiện ra thi thể một trong các đồ đệ của Masakage. Cậu thám tử trung học của miền Tây Hattori Heiji cũng góp sức hết mình phá án!!', NULL, 20000, 20000, NULL, 100, 'dragonball10.jpg', 5),
('Book97', 'Dragon Ball', 'Category007', 'Author001', 'Conan và các bạn được mời tới biệt thự của ảo thuật gia lừng danh Mr.Masakage. Hôm đó cũng đúng vừa tròn 10 năm kể từ khi Mr.Masakage đột nhiên biến mất. Tình cờ nhóm Conan lại phát hiện ra thi thể một trong các đồ đệ của Masakage. Cậu thám tử trung học của miền Tây Hattori Heiji cũng góp sức hết mình phá án!!', 'A5', 192, '11.3 x 17.6', '2019-03-20', 'Publish001', 'Tiếng Việt', 'Conan và các bạn được mời tới biệt thự của ảo thuật gia lừng danh Mr.Masakage. Hôm đó cũng đúng vừa tròn 10 năm kể từ khi Mr.Masakage đột nhiên biến mất. Tình cờ nhóm Conan lại phát hiện ra thi thể một trong các đồ đệ của Masakage. Cậu thám tử trung học của miền Tây Hattori Heiji cũng góp sức hết mình phá án!!', NULL, 20000, 20000, NULL, 100, 'dragonball21.jpg', 5),
('Book98', 'Dragon Ball', 'Category007', 'Author001', 'Conan và các bạn được mời tới biệt thự của ảo thuật gia lừng danh Mr.Masakage. Hôm đó cũng đúng vừa tròn 10 năm kể từ khi Mr.Masakage đột nhiên biến mất. Tình cờ nhóm Conan lại phát hiện ra thi thể một trong các đồ đệ của Masakage. Cậu thám tử trung học của miền Tây Hattori Heiji cũng góp sức hết mình phá án!!', 'A5', 192, '11.3 x 17.6', '2019-03-20', 'Publish001', 'Tiếng Việt', 'Conan và các bạn được mời tới biệt thự của ảo thuật gia lừng danh Mr.Masakage. Hôm đó cũng đúng vừa tròn 10 năm kể từ khi Mr.Masakage đột nhiên biến mất. Tình cờ nhóm Conan lại phát hiện ra thi thể một trong các đồ đệ của Masakage. Cậu thám tử trung học của miền Tây Hattori Heiji cũng góp sức hết mình phá án!!', NULL, 20000, 20000, NULL, 100, 'dragonball39.jpg', 5),
('Book99', 'Shin bút chì 1', 'Category007', 'Author002', 'Conan và các bạn được mời tới biệt thự của ảo thuật gia lừng danh Mr.Masakage. Hôm đó cũng đúng vừa tròn 10 năm kể từ khi Mr.Masakage đột nhiên biến mất. Tình cờ nhóm Conan lại phát hiện ra thi thể một trong các đồ đệ của Masakage. Cậu thám tử trung học của miền Tây Hattori Heiji cũng góp sức hết mình phá án!!', 'A5', 192, '11.3 x 17.6', '2019-03-20', 'Publish001', 'Tiếng Việt', 'Conan và các bạn được mời tới biệt thự của ảo thuật gia lừng danh Mr.Masakage. Hôm đó cũng đúng vừa tròn 10 năm kể từ khi Mr.Masakage đột nhiên biến mất. Tình cờ nhóm Conan lại phát hiện ra thi thể một trong các đồ đệ của Masakage. Cậu thám tử trung học của miền Tây Hattori Heiji cũng góp sức hết mình phá án!!', NULL, 20000, 20000, NULL, 100, 'shin.jpg', 5);

--
-- Triggers `books`
--
DELIMITER $$
CREATE TRIGGER `UpdateQuantityAuthor` BEFORE INSERT ON `books` FOR EACH ROW update author set QuantityPublished=QuantityPublished + 1
WHERE AuthorID=New.AuthorID
$$
DELIMITER ;
DELIMITER $$
CREATE TRIGGER `UpdateQuantityCategory` BEFORE INSERT ON `books` FOR EACH ROW Update categories SET
quantity =quantity +1 where CategoryID=New.CategoryID
$$
DELIMITER ;
DELIMITER $$
CREATE TRIGGER `UpdateQuantityPulisher` BEFORE INSERT ON `books` FOR EACH ROW Update publisher SET
Quantity=Quantity+1 where PublisherID=New.PublisherID
$$
DELIMITER ;

-- --------------------------------------------------------

--
-- Table structure for table `cart`
--

CREATE TABLE `cart` (
  `CartID` varchar(500) NOT NULL,
  `Email` varchar(500) DEFAULT NULL
) ENGINE=InnoDB DEFAULT CHARSET=utf8mb4;

-- --------------------------------------------------------

--
-- Table structure for table `cartdetail`
--

CREATE TABLE `cartdetail` (
  `EmailCart` varchar(500) DEFAULT NULL,
  `BookID` varchar(255) DEFAULT NULL,
  `quantity` int(11) DEFAULT NULL
) ENGINE=InnoDB DEFAULT CHARSET=utf8mb4;

-- --------------------------------------------------------

--
-- Table structure for table `categories`
--

CREATE TABLE `categories` (
  `CategoryID` varchar(255) NOT NULL,
  `CategoryName` varchar(2000) NOT NULL,
  `Quantity` int(11) DEFAULT NULL
) ENGINE=InnoDB DEFAULT CHARSET=utf8mb4;

--
-- Dumping data for table `categories`
--

INSERT INTO `categories` (`CategoryID`, `CategoryName`, `Quantity`) VALUES
('Category001', 'Combo sách', 9),
('Category002', 'Sách ngoại ngữ', 21),
('Category003', 'Sách kinh tế', 30),
('Category004', 'Sách tham khảo', 26),
('Category005', 'Sách văn học', 12),
('Category006', 'Nhân số học cuộc sống', 93),
('Category007', 'Truyện tranh thiếu nhi', 113);

-- --------------------------------------------------------

--
-- Table structure for table `inforwebsite`
--

CREATE TABLE `inforwebsite` (
  `FileLogoWebsite` varchar(500) NOT NULL,
  `addr` varchar(255) NOT NULL,
  `Hotline` varchar(255) NOT NULL,
  `NumberPhone` varchar(255) NOT NULL,
  `ServiceTime` varchar(255) NOT NULL,
  `Email1` varchar(255) NOT NULL,
  `Email2` varchar(255) NOT NULL,
  `Email3` varchar(255) NOT NULL,
  `FileLogoWebsite2` varchar(500) NOT NULL,
  `Information` varchar(255) NOT NULL,
  `Note` varchar(255) NOT NULL,
  `Demo` varchar(255) NOT NULL
) ENGINE=InnoDB DEFAULT CHARSET=utf8mb4;

--
-- Dumping data for table `inforwebsite`
--

INSERT INTO `inforwebsite` (`FileLogoWebsite`, `addr`, `Hotline`, `NumberPhone`, `ServiceTime`, `Email1`, `Email2`, `Email3`, `FileLogoWebsite2`, `Information`, `Note`, `Demo`) VALUES
('logo.png', '75 Tam Trinh,Phường Lĩnh Nam,Quận Hoàng Mai,Thành Phố Hà Nội', '19001221 ', '0368917001', 'Phục vụ 7 ngày trong tuần từ 8:00 đến 19:00', 'BookLibrarySupport@gmail.com', 'TuyetAnhGD@gmail.com', 'UngDoDucThanh@gmail.com', '', '', '', '');

-- --------------------------------------------------------

--
-- Table structure for table `publisher`
--

CREATE TABLE `publisher` (
  `PublisherID` varchar(255) NOT NULL,
  `PublisherName` varchar(2000) NOT NULL,
  `facebook` varchar(2000) DEFAULT NULL,
  `instagram` varchar(2000) DEFAULT NULL,
  `quantity` int(11) DEFAULT NULL
) ENGINE=InnoDB DEFAULT CHARSET=utf8mb4;

--
-- Dumping data for table `publisher`
--

INSERT INTO `publisher` (`PublisherID`, `PublisherName`, `facebook`, `instagram`, `quantity`) VALUES
('Publish001', 'NXB KIM ĐỒNG', 'https://www.facebook.com/profile.php?id=100005697099349', 'https://www.instagram.com/ducthanhh1001/', 221),
('Publish002', 'NHÀ XUẤT BẢN TRẺ', 'https://www.facebook.com/profile.php?id=100005697099349', 'https://www.instagram.com/ducthanhh1001/', 10),
('Publish003', 'NHÀ XUẤT BẢN GIÁO DỤC', 'https://www.facebook.com/profile.php?id=100005697099349', 'https://www.instagram.com/ducthanhh1001/', 30),
('Publish004', 'NHÀ XUẤT BẢN HỘI NHÀ VĂN', 'https://www.facebook.com/profile.php?id=100005697099349', 'https://www.instagram.com/ducthanhh1001/', 27),
('Publish005', 'NHÀ XUẤT BẢN TƯ PHÁP', 'https://www.facebook.com/profile.php?id=100005697099349', 'https://www.instagram.com/ducthanhh1001/', 10),
('Publish006', 'NHÀ XUẤT BẢN THÔNG TIN VÀ TRUYỀN THÔNG', 'https://www.facebook.com/profile.php?id=100005697099349', 'https://www.instagram.com/ducthanhh1001/', 6);

-- --------------------------------------------------------

--
-- Table structure for table `review`
--

CREATE TABLE `review` (
  `ReviewID` varchar(255) NOT NULL,
  `BookID` varchar(255) DEFAULT NULL,
  `Email` varchar(255) DEFAULT NULL,
  `ReviewDate` date DEFAULT NULL,
  `Rating` int(11) DEFAULT NULL,
  `Content` varchar(2000) DEFAULT NULL
) ENGINE=InnoDB DEFAULT CHARSET=utf8mb4;

-- --------------------------------------------------------

--
-- Table structure for table `saleoff`
--

CREATE TABLE `saleoff` (
  `BookID` varchar(255) NOT NULL,
  `DateModify` date DEFAULT NULL,
  `DateEnd` date DEFAULT NULL,
  `Discount` int(11) DEFAULT NULL
) ENGINE=InnoDB DEFAULT CHARSET=utf8mb4;

--
-- Dumping data for table `saleoff`
--

INSERT INTO `saleoff` (`BookID`, `DateModify`, `DateEnd`, `Discount`) VALUES
('Book001', '2022-10-15', '2022-10-19', 20),
('Book002', '2022-10-15', '2022-10-19', 20),
('Book003', '2022-10-15', '2022-10-19', 20),
('Book004', '2022-10-15', '2022-10-19', 20),
('Book005', '2022-10-15', '2022-10-19', 20);

-- --------------------------------------------------------

--
-- Table structure for table `useradmin`
--

CREATE TABLE `useradmin` (
  `Email` varchar(500) NOT NULL,
  `NumberPhone` varchar(255) NOT NULL,
  `FullName` varchar(255) DEFAULT NULL,
  `Addr` varchar(2000) DEFAULT NULL,
  `fileImg` varchar(2000) DEFAULT NULL,
  `Role` varchar(255) NOT NULL,
  `Typess` varchar(255) NOT NULL,
  `passwords` varchar(255) DEFAULT NULL
) ENGINE=InnoDB DEFAULT CHARSET=utf8mb4;

--
-- Dumping data for table `useradmin`
--

INSERT INTO `useradmin` (`Email`, `NumberPhone`, `FullName`, `Addr`, `fileImg`, `Role`, `Typess`, `passwords`) VALUES
('KimBaoChauCute@gmail.com', '0368917001', 'Nguyễn Ánh Tuyết', NULL, NULL, '', '', '202cb962ac59075b964b07152d234b70');

-- --------------------------------------------------------

--
-- Table structure for table `users`
--

CREATE TABLE `users` (
  `Email` varchar(500) NOT NULL,
  `NumberPhone` varchar(255) DEFAULT NULL,
  `Addr` varchar(1000) DEFAULT NULL,
  `FileImg` varchar(1000) DEFAULT NULL,
  `Passwords` varchar(255) DEFAULT NULL
) ENGINE=InnoDB DEFAULT CHARSET=utf8mb4;

--
-- Dumping data for table `users`
--

INSERT INTO `users` (`Email`, `NumberPhone`, `Addr`, `FileImg`, `Passwords`) VALUES
('KimBaoChou@gmail.com', '0396631622', 'Quế Võ,Bắc Ninh', '', '123456'),
('tuyetanhgd@gmail.com', '0368917001', 'Gia Lập ,Gia Viễn,Ninh Bình', '', '1234567'),
('UngThanh@gmail.com', '0368917001', '75 Tam Trinh,Hoàng Mai,Hà Nội', '', '1234567'),
('XuanDungg@gmail.com', '035350673', 'Gia Lập,Gia Viễn,Ninh Bình', '', '123456');

-- --------------------------------------------------------

--
-- Table structure for table `wishlist`
--

CREATE TABLE `wishlist` (
  `WishlistID` varchar(255) NOT NULL,
  `email` varchar(500) DEFAULT NULL,
  `BookID` varchar(255) DEFAULT NULL
) ENGINE=InnoDB DEFAULT CHARSET=utf8mb4;

--
-- Indexes for dumped tables
--

--
-- Indexes for table `author`
--
ALTER TABLE `author`
  ADD PRIMARY KEY (`AuthorID`);

--
-- Indexes for table `billimport`
--
ALTER TABLE `billimport`
  ADD PRIMARY KEY (`BillID`),
  ADD KEY `UserID` (`UserID`);

--
-- Indexes for table `billimportdetail`
--
ALTER TABLE `billimportdetail`
  ADD PRIMARY KEY (`BillImportID`),
  ADD KEY `BillID` (`BillID`),
  ADD KEY `BookID` (`BookID`);

--
-- Indexes for table `billsell`
--
ALTER TABLE `billsell`
  ADD PRIMARY KEY (`BillID`),
  ADD KEY `UserID` (`UserID`);

--
-- Indexes for table `billselldetail`
--
ALTER TABLE `billselldetail`
  ADD PRIMARY KEY (`BillDetailID`),
  ADD KEY `BillID` (`BillID`),
  ADD KEY `BookID` (`BookID`);

--
-- Indexes for table `books`
--
ALTER TABLE `books`
  ADD PRIMARY KEY (`BookID`),
  ADD KEY `CategoryID` (`CategoryID`),
  ADD KEY `PublisherID` (`PublisherID`),
  ADD KEY `AuthorID` (`AuthorID`);

--
-- Indexes for table `cart`
--
ALTER TABLE `cart`
  ADD PRIMARY KEY (`CartID`),
  ADD KEY `Email` (`Email`);

--
-- Indexes for table `cartdetail`
--
ALTER TABLE `cartdetail`
  ADD KEY `EmailCart` (`EmailCart`),
  ADD KEY `BookID` (`BookID`);

--
-- Indexes for table `categories`
--
ALTER TABLE `categories`
  ADD PRIMARY KEY (`CategoryID`);

--
-- Indexes for table `publisher`
--
ALTER TABLE `publisher`
  ADD PRIMARY KEY (`PublisherID`);

--
-- Indexes for table `review`
--
ALTER TABLE `review`
  ADD PRIMARY KEY (`ReviewID`),
  ADD KEY `BookID` (`BookID`),
  ADD KEY `Email` (`Email`);

--
-- Indexes for table `saleoff`
--
ALTER TABLE `saleoff`
  ADD KEY `BookID` (`BookID`);

--
-- Indexes for table `useradmin`
--
ALTER TABLE `useradmin`
  ADD PRIMARY KEY (`Email`);

--
-- Indexes for table `users`
--
ALTER TABLE `users`
  ADD PRIMARY KEY (`Email`);

--
-- Indexes for table `wishlist`
--
ALTER TABLE `wishlist`
  ADD PRIMARY KEY (`WishlistID`),
  ADD KEY `email` (`email`),
  ADD KEY `BookID` (`BookID`);

--
-- AUTO_INCREMENT for dumped tables
--

--
-- AUTO_INCREMENT for table `billimport`
--
ALTER TABLE `billimport`
  MODIFY `BillID` int(11) NOT NULL AUTO_INCREMENT;

--
-- AUTO_INCREMENT for table `billimportdetail`
--
ALTER TABLE `billimportdetail`
  MODIFY `BillImportID` int(11) NOT NULL AUTO_INCREMENT;

--
-- AUTO_INCREMENT for table `billsell`
--
ALTER TABLE `billsell`
  MODIFY `BillID` int(11) NOT NULL AUTO_INCREMENT, AUTO_INCREMENT=7;

--
-- AUTO_INCREMENT for table `billselldetail`
--
ALTER TABLE `billselldetail`
  MODIFY `BillDetailID` int(11) NOT NULL AUTO_INCREMENT, AUTO_INCREMENT=101;

--
-- Constraints for dumped tables
--

--
-- Constraints for table `billimport`
--
ALTER TABLE `billimport`
  ADD CONSTRAINT `billimport_ibfk_1` FOREIGN KEY (`UserID`) REFERENCES `useradmin` (`Email`);

--
-- Constraints for table `billimportdetail`
--
ALTER TABLE `billimportdetail`
  ADD CONSTRAINT `billimportdetail_ibfk_1` FOREIGN KEY (`BillID`) REFERENCES `billimport` (`BillID`),
  ADD CONSTRAINT `billimportdetail_ibfk_2` FOREIGN KEY (`BookID`) REFERENCES `books` (`BookID`);

--
-- Constraints for table `billsell`
--
ALTER TABLE `billsell`
  ADD CONSTRAINT `billsell_ibfk_1` FOREIGN KEY (`UserID`) REFERENCES `users` (`Email`);

--
-- Constraints for table `billselldetail`
--
ALTER TABLE `billselldetail`
  ADD CONSTRAINT `billselldetail_ibfk_1` FOREIGN KEY (`BillID`) REFERENCES `billsell` (`BillID`),
  ADD CONSTRAINT `billselldetail_ibfk_2` FOREIGN KEY (`BookID`) REFERENCES `books` (`BookID`);

--
-- Constraints for table `books`
--
ALTER TABLE `books`
  ADD CONSTRAINT `books_ibfk_1` FOREIGN KEY (`CategoryID`) REFERENCES `categories` (`CategoryID`),
  ADD CONSTRAINT `books_ibfk_2` FOREIGN KEY (`PublisherID`) REFERENCES `publisher` (`PublisherID`),
  ADD CONSTRAINT `books_ibfk_3` FOREIGN KEY (`AuthorID`) REFERENCES `author` (`AuthorID`);

--
-- Constraints for table `cart`
--
ALTER TABLE `cart`
  ADD CONSTRAINT `cart_ibfk_1` FOREIGN KEY (`Email`) REFERENCES `users` (`Email`);

--
-- Constraints for table `cartdetail`
--
ALTER TABLE `cartdetail`
  ADD CONSTRAINT `cartdetail_ibfk_1` FOREIGN KEY (`EmailCart`) REFERENCES `cart` (`CartID`),
  ADD CONSTRAINT `cartdetail_ibfk_2` FOREIGN KEY (`BookID`) REFERENCES `books` (`BookID`);

--
-- Constraints for table `review`
--
ALTER TABLE `review`
  ADD CONSTRAINT `review_ibfk_1` FOREIGN KEY (`BookID`) REFERENCES `books` (`BookID`),
  ADD CONSTRAINT `review_ibfk_2` FOREIGN KEY (`Email`) REFERENCES `users` (`Email`);

--
-- Constraints for table `saleoff`
--
ALTER TABLE `saleoff`
  ADD CONSTRAINT `saleoff_ibfk_1` FOREIGN KEY (`BookID`) REFERENCES `books` (`BookID`);

--
-- Constraints for table `wishlist`
--
ALTER TABLE `wishlist`
  ADD CONSTRAINT `wishlist_ibfk_1` FOREIGN KEY (`email`) REFERENCES `users` (`Email`),
  ADD CONSTRAINT `wishlist_ibfk_2` FOREIGN KEY (`BookID`) REFERENCES `books` (`BookID`);
COMMIT;

/*!40101 SET CHARACTER_SET_CLIENT=@OLD_CHARACTER_SET_CLIENT */;
/*!40101 SET CHARACTER_SET_RESULTS=@OLD_CHARACTER_SET_RESULTS */;
/*!40101 SET COLLATION_CONNECTION=@OLD_COLLATION_CONNECTION */;
